ZINC_ID,SMILES,Highest_Similarity,Similar_To_Query
"ZINC000019477666","[H]c1c([H])c([C@@](C(=O)O)(C([H])([H])[H])[N+]([H])([H])[H])c([H])c([H])c1C(F)(F)F",0.2143,"Tipranavir"
"ZINC000019477664","[H]c1c([H])c([C@](C(=O)O)(C([H])([H])[H])[N+]([H])([H])[H])c([H])c([H])c1C(F)(F)F",0.2143,"Tipranavir"
"ZINC000169828255","[H]c1c([H])c(C(C(=O)N([H])[H])(C([H])([H])[H])C([H])([H])[H])c([H])c([H])c1C(F)(F)F",0.2000,"Tipranavir"
"ZINC000002664493","[H]c1c([H])c([H])c(S(=O)(=O)N(C([H])([H])C(=O)O)C([H])([H])C([H])([H])C([H])([H])OC([H])([H])[H])c([H])c1[H]",0.2069,"Darunavir"
"ZINC000016652612","[H]c1c([H])c(S(=O)(=O)N(C([H])([H])[H])C([H])([H])[H])c([H])c([H])c1OC([H])([H])C(=O)N([H])C1([H])C([H])([H])C1([H])[H]",0.2065,"Darunavir"
"ZINC000006359795","[H]C1=C([H])C([H])([H])[C@@]2([H])C(=O)N(C([H])([H])C(=O)N([H])C(C([H])([H])[H])(C([H])([H])[H])C([H])([H])[H])C(=O)[C@]2([H])C1([H])[H]",0.2025,"Saquinavir"
"ZINC000006587451","[H]c1c([H])c([H])c(S(=O)(=O)N(C([H])([H])C(=O)N([H])[H])C([H])([H])C([H])([H])C([H])([H])OC([H])([H])[H])c([H])c1[H]",0.2000,"Darunavir"
"ZINC000102698508","[H]C1=C([H])C([H])([H])[C@@]2([H])C(=O)N(C([H])([H])C(=O)N([H])C(C([H])([H])[H])(C([H])([H])[H])C([H])([H])[H])C(=O)[C@@]2([H])C1([H])[H]",0.2025,"Saquinavir"
"ZINC000102698510","[H]C1=C([H])C([H])([H])[C@]2([H])C(=O)N(C([H])([H])C(=O)N([H])C(C([H])([H])[H])(C([H])([H])[H])C([H])([H])[H])C(=O)[C@@]2([H])C1([H])[H]",0.2025,"Saquinavir"
"ZINC000034800100","[H]c1c([H])c(S(=O)(=O)N2C([H])([H])C([H])([H])[N+]([H])([H])C([H])([H])C2([H])[H])c([H])c([H])c1C(F)(F)F",0.2027,"Tipranavir"
"ZINC000004218212","[H]c1c([H])c(S(=O)(=O)N(C([H])([H])C([H])([H])[H])C([H])([H])C([H])([H])[H])c([H])c([H])c1C([H])([H])C([H])([H])C(=O)O",0.2024,"Darunavir"
"ZINC000036885571","[H]c1c([H])c(S(=O)(=O)N(C([H])([H])C(=O)O)C([H])([H])C2([H])C([H])([H])C2([H])[H])c([H])c([H])c1C([H])([H])C([H])([H])[H]",0.2111,"Darunavir"
"ZINC000299804014","[H]c1c([H])c(C([H])([H])N2C(=O)N([H])C([H])([H])[C@@]2([H])C(=O)O)c([H])c([H])c1C(F)(F)F",0.2073,"Saquinavir"
"ZINC000015443709","[H]c1c([H])c(S(=O)(=O)C([H])([H])[H])c(C(=O)O)c([H])c1C(F)(F)F",0.2027,"Tipranavir"
"ZINC000003195647","[H]c1c([H])c(S(=O)(=O)N(C([H])([H])C([H])([H])[H])C([H])([H])C([H])([H])[H])c([H])c([H])c1OC([H])([H])C(=O)O",0.2000,"Darunavir"
"ZINC000299804013","[H]c1c([H])c(C([H])([H])N2C(=O)N([H])C([H])([H])[C@]2([H])C(=O)O)c([H])c([H])c1C(F)(F)F",0.2073,"Saquinavir"
"ZINC000012382583","[H]c1c([H])c(S(=O)(=O)N(C([H])([H])[H])C([H])([H])[H])c([H])c([H])c1C([H])([H])C([H])([H])C(=O)N([H])C([H])(C([H])([H])[H])C([H])([H])[H]",0.2000,"Darunavir"
"ZINC000016625016","[H]c1c([H])c(S(=O)(=O)N(C([H])([H])[H])C([H])([H])[H])c([H])c([H])c1C([H])([H])C([H])([H])C(=O)N([H])C1([H])C([H])([H])C1([H])[H]",0.2088,"Darunavir"
"ZINC000016652118","[H]c1c([H])c(S(=O)(=O)N(C([H])([H])C([H])([H])[H])C([H])([H])C([H])([H])[H])c([H])c([H])c1C([H])([H])C([H])([H])C(=O)N([H])C([H])([H])[H]",0.2045,"Darunavir"
"ZINC000034800100","[H]c1c([H])c(S(=O)(=O)N2C([H])([H])C([H])([H])N([H])C([H])([H])C2([H])[H])c([H])c([H])c1C(F)(F)F",0.2027,"Tipranavir"
"ZINC000757186023","[H]c1c([H])c(S(=O)(=O)N2C([H])([H])C2([H])[H])c([H])c([H])c1C(F)(F)F",0.2206,"Tipranavir"
"ZINC000000380223","[H]c1c([H])c(S(=O)(=O)N2C([H])([H])C([H])([H])OC([H])([H])C2([H])[H])c([H])c([H])c1C(F)(F)F",0.2055,"Tipranavir"
"ZINC000822662145","[H]c1nc([H])c([H])c([C@]([H])(N([H])C([H])([H])c2nc(C(=O)O)c([H])c([H])c2[H])C([H])([H])C([H])([H])[H])c1[H]",0.2039,"Ritonavir"
"ZINC000822662146","[H]c1nc([H])c([H])c([C@@]([H])(N([H])C([H])([H])c2nc(C(=O)O)c([H])c([H])c2[H])C([H])([H])C([H])([H])[H])c1[H]",0.2039,"Ritonavir"
"ZINC000088059249","[H]c1c([H])c(C([H])([H])C(=O)N2C([H])([H])C([H])([H])N([H])[C@]([H])(C([H])([H])[H])C2([H])[H])c([H])c([H])c1C(F)(F)F",0.2000,"Tipranavir"
"ZINC000069629413","[H]c1c([H])c(S(=O)(=O)N2C([H])([H])SC([H])([H])C2([H])[H])c([H])c([H])c1C(F)(F)F",0.2000,"Tipranavir"
"ZINC000584887900","[H]c1c(C([H])([H])[H])nc(C([H])([H])N(C(=O)[C@]([H])(OC([H])([H])[H])C([H])([H])C([H])([H])[H])C([H])([H])[H])c([H])c1C([H])([H])[H]",0.2000,"Ritonavir"
"ZINC000584887901","[H]c1c(C([H])([H])[H])nc(C([H])([H])N(C(=O)[C@@]([H])(OC([H])([H])[H])C([H])([H])C([H])([H])[H])C([H])([H])[H])c([H])c1C([H])([H])[H]",0.2000,"Ritonavir"
"ZINC000072366080","[H]c1c([H])c([C@]2([H])N(C(=O)C([H])([H])[H])C([H])([H])C([H])([H])N([H])C2([H])[H])c([H])c([H])c1C(F)(F)F",0.2073,"Tipranavir"
"ZINC000072366081","[H]c1c([H])c([C@@]2([H])N(C(=O)C([H])([H])[H])C([H])([H])C([H])([H])N([H])C2([H])[H])c([H])c([H])c1C(F)(F)F",0.2073,"Tipranavir"
"ZINC000007703268","[H]c1c([H])c(S(=O)(=O)N([H])[C@]([H])(C([H])([H])[H])C2([H])C([H])([H])C2([H])[H])c([H])c([H])c1C(F)(F)F",0.2000,"Tipranavir"
"ZINC000065337336","[H]O[C@@]1([H])c2c([H])c([H])c(C(F)(F)F)c([H])c2C(=O)N1C(C([H])([H])[H])(C([H])([H])[H])C([H])([H])[H]",0.2000,"Tipranavir"
"ZINC000065337334","[H]O[C@]1([H])c2c([H])c([H])c(C(F)(F)F)c([H])c2C(=O)N1C(C([H])([H])[H])(C([H])([H])[H])C([H])([H])[H]",0.2000,"Tipranavir"
"ZINC000007703263","[H]c1c([H])c(S(=O)(=O)N([H])[C@@]([H])(C([H])([H])[H])C2([H])C([H])([H])C2([H])[H])c([H])c([H])c1C(F)(F)F",0.2000,"Tipranavir"
"ZINC000136675139","[H]c1c([H])c(S(=O)(=O)n2c([H])c([H])c(C(F)(F)F)c2[H])c([H])c([H])c1C([H])([H])[H]",0.2000,"Tipranavir"
"ZINC000076066614","[H]c1sc([C@]([H])(OC([H])([H])C([H])([H])[H])C([H])([H])[H])nc1C([H])([H])N(C(=O)C(C([H])([H])[H])(C([H])([H])[H])C([H])([H])[H])C([H])([H])[H]",0.2000,"Ritonavir"
"ZINC000076066611","[H]c1sc([C@@]([H])(OC([H])([H])C([H])([H])[H])C([H])([H])[H])nc1C([H])([H])N(C(=O)C(C([H])([H])[H])(C([H])([H])[H])C([H])([H])[H])C([H])([H])[H]",0.2000,"Ritonavir"
"ZINC000000145697","[H]C(C(=O)N([H])c1c([H])c(C(F)(F)F)c([H])c([H])c1Cl)=C(C([H])([H])[H])C([H])([H])[H]",0.2000,"Tipranavir"
"ZINC000002455246","[H]c1c([H])c(S(=O)(=O)N(C([H])([H])C([H])([H])OC([H])([H])[H])C([H])([H])C([H])([H])OC([H])([H])[H])c([H])c([H])c1C(=O)O",0.2000,"Darunavir"
"ZINC000058191032","[H]c1c([H])c(S(=O)(=O)N(C([H])([H])C(=O)N([H])[H])C([H])([H])C([H])([H])OC([H])([H])[H])c([H])c([H])c1C([H])([H])C([H])([H])[H]",0.2065,"Darunavir"
"ZINC000065385089","[H]c1c([H])c(F)c([H])c([C@@]([H])(C(=O)N([H])C([H])([H])C([H])([H])N2C(=O)N([H])C([H])([H])C2([H])[H])N(C([H])([H])[H])C([H])([H])[H])c1[H]",0.2020,"Lopinavir"
"ZINC000065385090","[H]c1c([H])c(F)c([H])c([C@]([H])(C(=O)N([H])C([H])([H])C([H])([H])N2C(=O)N([H])C([H])([H])C2([H])[H])N(C([H])([H])[H])C([H])([H])[H])c1[H]",0.2020,"Lopinavir"
"ZINC000039986009","[H]c1c([H])c([H])c(S(=O)(=O)N(C([H])([H])C(=O)N([H])[C@@]([H])(C([H])([H])[H])C([H])([H])OC([H])([H])[H])C([H])([H])C([H])([H])[H])c([H])c1[H]",0.2000,"Darunavir"
"ZINC000039985286","[H]c1c([H])c([H])c(S(=O)(=O)N(C([H])([H])C(=O)N([H])C([H])([H])C([H])([H])C([H])([H])OC([H])([H])[H])C([H])([H])C([H])([H])[H])c([H])c1[H]",0.2043,"Darunavir"
"ZINC000039986010","[H]c1c([H])c([H])c(S(=O)(=O)N(C([H])([H])C(=O)N([H])[C@]([H])(C([H])([H])[H])C([H])([H])OC([H])([H])[H])C([H])([H])C([H])([H])[H])c([H])c1[H]",0.2000,"Darunavir"
"ZINC000408603493","[H]c1c([H])c(S(=O)(=O)N(C([H])([H])C([H])([H])[H])C([H])([H])C([H])([H])[H])c([H])c([H])c1OC([H])([H])C(=O)N([H])C([H])([H])[H]",0.2022,"Darunavir"
"ZINC000088059571","[H]c1c([H])c(S(=O)(=O)N2C([H])([H])C([H])([H])[N+]([H])([H])[C@@]([H])(C([H])([H])[H])C2([H])[H])c([H])c([H])c1C(F)(F)F",0.2222,"Tipranavir"
"ZINC000088059570","[H]c1c([H])c(S(=O)(=O)N2C([H])([H])C([H])([H])[N+]([H])([H])[C@]([H])(C([H])([H])[H])C2([H])[H])c([H])c([H])c1C(F)(F)F",0.2222,"Tipranavir"
"ZINC000062132516","[H]c1c([H])c(S(=O)(=O)N2C([H])([H])C([H])([H])[C@]([H])(C(=O)O)C2([H])[H])c([H])c([H])c1C(F)(F)F",0.2152,"Tipranavir"
"ZINC000062132517","[H]c1c([H])c(S(=O)(=O)N2C([H])([H])C([H])([H])[C@@]([H])(C(=O)O)C2([H])[H])c([H])c([H])c1C(F)(F)F",0.2152,"Tipranavir"
"ZINC000000166219","[H]c1c([H])c(C(F)(F)F)c([H])c(S(=O)(=O)N2C([H])([H])C([H])([H])C([H])([H])[C@]2([H])C(=O)O)c1[H]",0.2073,"Tipranavir"
"ZINC000000166218","[H]c1c([H])c(C(F)(F)F)c([H])c(S(=O)(=O)N2C([H])([H])C([H])([H])C([H])([H])[C@@]2([H])C(=O)O)c1[H]",0.2073,"Tipranavir"
"ZINC000016652580","[H]c1c([H])c(S(=O)(=O)N(C([H])([H])C([H])([H])[H])C([H])([H])C([H])([H])[H])c([H])c([H])c1C([H])([H])C([H])([H])C(=O)N([H])C([H])([H])C([H])([H])[H]",0.2022,"Darunavir"
"ZINC000004653831","[H]N1C(=O)N(C([H])([H])C([H])([H])C([H])([H])C([H])([H])[H])C(=O)[C@]1(N([H])C(=O)C1([H])C([H])([H])C1([H])[H])C(F)(F)F",0.2045,"Saquinavir"
"ZINC000041129621","[H]c1c([H])c(C([H])([H])C(=O)N2C([H])([H])C([H])([H])[C@@]([H])(C(=O)N([H])[H])C2([H])[H])c([H])c([H])c1C(F)(F)F",0.2024,"Tipranavir"
"ZINC000041129619","[H]c1c([H])c(C([H])([H])C(=O)N2C([H])([H])C([H])([H])[C@]([H])(C(=O)N([H])[H])C2([H])[H])c([H])c([H])c1C(F)(F)F",0.2024,"Tipranavir"
"ZINC000053895125","[H]c1c([H])c(C(F)(F)F)c([H])c([H])c1OC([H])([H])C(=O)N1C([H])([H])C([H])([H])[C@]([H])(C(=O)N([H])[H])C1([H])[H]",0.2118,"Tipranavir"
"ZINC000053895126","[H]c1c([H])c(C(F)(F)F)c([H])c([H])c1OC([H])([H])C(=O)N1C([H])([H])C([H])([H])[C@@]([H])(C(=O)N([H])[H])C1([H])[H]",0.2118,"Tipranavir"
"ZINC000095990980","[H]c1nc(S(=O)(=O)N2C([H])([H])[C@]([H])(C([H])([H])[H])O[C@]([H])(C([H])([H])[H])C2([H])[H])c([H])c([H])c1C(F)(F)F",0.2073,"Tipranavir"
"ZINC000088059571","[H]c1c([H])c(S(=O)(=O)N2C([H])([H])C([H])([H])N([H])[C@@]([H])(C([H])([H])[H])C2([H])[H])c([H])c([H])c1C(F)(F)F",0.2222,"Tipranavir"
"ZINC000088059570","[H]c1c([H])c(S(=O)(=O)N2C([H])([H])C([H])([H])N([H])[C@]([H])(C([H])([H])[H])C2([H])[H])c([H])c([H])c1C(F)(F)F",0.2222,"Tipranavir"
"ZINC000065364964","[H]c1c([H])c(N([C@]([H])(C(=O)N([H])[H])C([H])([H])[H])S(=O)(=O)C([H])([H])[H])c([H])c(C(F)(F)F)c1[H]",0.2048,"Tipranavir"
"ZINC000065364965","[H]c1c([H])c(N([C@@]([H])(C(=O)N([H])[H])C([H])([H])[H])S(=O)(=O)C([H])([H])[H])c([H])c(C(F)(F)F)c1[H]",0.2048,"Tipranavir"
"ZINC000004622638","[H]N1C(=O)N(C([H])([H])C([H])([H])C([H])([H])C([H])([H])[H])C(=O)[C@@]1(N([H])C(=O)C1([H])C([H])([H])C1([H])[H])C(F)(F)F",0.2045,"Saquinavir"
"ZINC000009365371","[H]c1c([H])c(S(=O)(=O)N2C([H])([H])C([H])([H])C([H])([H])[C@@]2([H])C(=O)N([H])[H])c([H])c([H])c1C(F)(F)F",0.2375,"Tipranavir"
"ZINC000009365369","[H]c1c([H])c(S(=O)(=O)N2C([H])([H])C([H])([H])C([H])([H])[C@]2([H])C(=O)N([H])[H])c([H])c([H])c1C(F)(F)F",0.2375,"Tipranavir"
"ZINC000070640072","[H]O[C@@]([H])(c1c([H])c([H])c(C(F)(F)F)c([H])c1[H])C([H])([H])N([H])S(=O)(=O)C1([H])C([H])([H])C1([H])[H]",0.2073,"Tipranavir"
"ZINC000070640074","[H]O[C@]([H])(c1c([H])c([H])c(C(F)(F)F)c([H])c1[H])C([H])([H])N([H])S(=O)(=O)C1([H])C([H])([H])C1([H])[H]",0.2073,"Tipranavir"
"ZINC000156102730","[H]c1c([H])c(S(=O)(=O)N2C([H])([H])C([H])([H])C([H])([H])[C@@]2([H])C([H])([H])[N+]([H])([H])[H])c([H])c([H])c1C(F)(F)F",0.2073,"Tipranavir"
"ZINC000156102598","[H]c1c([H])c(S(=O)(=O)N2C([H])([H])C([H])([H])C([H])([H])[C@]2([H])C([H])([H])[N+]([H])([H])[H])c([H])c([H])c1C(F)(F)F",0.2073,"Tipranavir"
"ZINC000123580116","[H]c1c([H])c(C(F)(F)F)c([H])c(S(=O)(=O)N2C([H])([H])C([H])([H])[C@@]([H])([N+]([H])([H])[H])C2([H])[H])c1C([H])([H])[H]",0.2000,"Tipranavir"
"ZINC000071144684","[H]c1c([H])c(S(=O)(=O)N2C([H])([H])C([H])([H])[C@@]([H])(C([H])([H])[N+]([H])([H])C([H])([H])[H])C2([H])[H])c([H])c([H])c1C(F)(F)F",0.2000,"Tipranavir"
"ZINC000071144686","[H]c1c([H])c(S(=O)(=O)N2C([H])([H])C([H])([H])[C@]([H])(C([H])([H])[N+]([H])([H])C([H])([H])[H])C2([H])[H])c([H])c([H])c1C(F)(F)F",0.2000,"Tipranavir"
"ZINC000028208292","[H]c1c([H])c(S(=O)(=O)N(C([H])([H])[H])C([H])([H])[H])c([H])c([H])c1C([H])([H])C([H])([H])C(=O)N([H])[C@]([H])(C([H])([H])[H])C([H])([H])C([H])([H])[H]",0.2043,"Darunavir"
"ZINC000028207179","[H]c1c([H])c(S(=O)(=O)N(C([H])([H])[H])C([H])([H])[H])c([H])c([H])c1OC([H])([H])C(=O)N([H])[C@]([H])(C([H])([H])[H])C([H])([H])C([H])([H])[H]",0.2021,"Darunavir"
"ZINC000028207182","[H]c1c([H])c(S(=O)(=O)N(C([H])([H])[H])C([H])([H])[H])c([H])c([H])c1OC([H])([H])C(=O)N([H])[C@@]([H])(C([H])([H])[H])C([H])([H])C([H])([H])[H]",0.2021,"Darunavir"
"ZINC000028208295","[H]c1c([H])c(S(=O)(=O)N(C([H])([H])[H])C([H])([H])[H])c([H])c([H])c1C([H])([H])C([H])([H])C(=O)N([H])[C@@]([H])(C([H])([H])[H])C([H])([H])C([H])([H])[H]",0.2043,"Darunavir"
"ZINC000022227507","[H]c1c([H])c(S(=O)(=O)N(C([H])([H])C([H])([H])[H])C([H])([H])C([H])([H])[H])c([H])c([H])c1C([H])([H])C([H])([H])N([H])C(=O)C1([H])C([H])([H])C1([H])[H]",0.2043,"Darunavir"
"ZINC000004255672","[H]c1c([N+](=O)[O-])c(S(O)(O)O)c([N+](=O)[O-])c([H])c1C(F)(F)F",0.2000,"Tipranavir"
"ZINC000080819428","[H]c1nc([H])c(C(=O)N(C([H])([H])[H])C([H])([H])c2nc([C@]([H])(OC([H])([H])C([H])([H])[H])C([H])([H])[H])sc2[H])nc1[H]",0.2000,"Ritonavir"
"ZINC000080819421","[H]c1nc([H])c(C(=O)N(C([H])([H])[H])C([H])([H])c2nc([C@@]([H])(OC([H])([H])C([H])([H])[H])C([H])([H])[H])sc2[H])nc1[H]",0.2000,"Ritonavir"
"ZINC000267822486","[H]c1c([H])c(S(=O)(=O)N2C([H])([H])C([H])([H])[C@]([H])(OC([H])([H])[H])C2([H])[H])c([H])c([H])c1C(F)(F)F",0.2099,"Tipranavir"
"ZINC000074841476","[H]c1nc(C([H])([H])C([H])([H])N([H])C(=O)N(C([H])([H])[H])C([H])([H])c2c([H])c([H])nc([H])c2[H])sc1C([H])([H])C([H])([H])[H]",0.2037,"Ritonavir"
"ZINC000161799806","[H]O[C@@]1(C([H])([H])[H])C([H])([H])N(S(=O)(=O)c2c([H])c([H])c(C(F)(F)F)c([H])c2[H])C([H])([H])C([H])([H])C1([H])[H]",0.2048,"Tipranavir"
"ZINC000161799664","[H]O[C@]1(C([H])([H])[H])C([H])([H])N(S(=O)(=O)c2c([H])c([H])c(C(F)(F)F)c([H])c2[H])C([H])([H])C([H])([H])C1([H])[H]",0.2048,"Tipranavir"
"ZINC000362127835","[H]c1c([H])c(S(=O)(=O)N2C([H])([H])C([H])([H])[C@@]([H])(OC([H])([H])[H])C2([H])[H])c([H])c([H])c1C(F)(F)F",0.2099,"Tipranavir"
"ZINC000170656910","[H]c1c([H])c(C(F)(F)F)c([H])c(C(=O)N2C([H])([H])C([H])([H])N(C([H])(C([H])([H])[H])C([H])([H])[H])C([H])([H])C2([H])[H])c1N([H])[H]",0.2024,"Tipranavir"
"ZINC000053202972","[H]c1c([H])c(S(=O)(=O)N2C([H])([H])C([H])([H])C([H])([H])[C@@]([H])([N+]([H])([H])C([H])([H])[H])C2([H])[H])c([H])c([H])c1C(F)(F)F",0.2024,"Tipranavir"
"ZINC000053202973","[H]c1c([H])c(S(=O)(=O)N2C([H])([H])C([H])([H])C([H])([H])[C@]([H])([N+]([H])([H])C([H])([H])[H])C2([H])[H])c([H])c([H])c1C(F)(F)F",0.2024,"Tipranavir"
"ZINC000237809524","[H]c1c([H])c(C(F)(F)F)c([H])c(S(=O)(=O)N2C([H])([H])C([H])([H])C([H])([H])[C@]2([H])C([H])([H])[N+]([H])([H])[H])c1C([H])([H])[H]",0.2045,"Tipranavir"
"ZINC000237809622","[H]c1c([H])c(C(F)(F)F)c([H])c(S(=O)(=O)N2C([H])([H])C([H])([H])C([H])([H])[C@@]2([H])C([H])([H])[N+]([H])([H])[H])c1C([H])([H])[H]",0.2045,"Tipranavir"
"ZINC000075166549","[H]c1c([H])c(S(=O)(=O)N2[C@@]3([H])C([H])([H])OC([H])([H])[C@]2([H])C([H])([H])C3([H])[H])c([H])c([H])c1C(F)(F)F",0.2105,"Tipranavir"
"ZINC000058025868","[H]c1c([H])c(C(F)(F)F)c([H])c([H])c1N([H])C(=O)[C@@]([H])(C([H])([H])[H])S(=O)(=O)C([H])(C([H])([H])[H])C([H])([H])[H]",0.2051,"Tipranavir"
"ZINC000044451797","[H]c1c([H])c(S(=O)(=O)N2C([H])([H])C([H])([H])C([H])(OC([H])([H])[H])C([H])([H])C2([H])[H])c([H])c([H])c1C(F)(F)F",0.2152,"Tipranavir"
"ZINC000216013664","[H]c1c([H])c([H])c(C([H])([H])C([H])([H])C(=O)C(=O)N(C([H])([H])[H])C([H])([H])C([H])([H])[C@]2([H])OC([H])([H])C([H])([H])C([H])([H])C2([H])[H])c([H])c1[H]",0.2000,"Darunavir"
"ZINC000585145908","[H]c1nc([H])c([H])c(C([H])([H])C([H])([H])C(=O)N([H])c2nc(C([H])([H])N(C([H])([H])C([H])([H])[H])C([H])([H])C([H])([H])[H])c([H])s2)c1[H]",0.2075,"Ritonavir"
"ZINC000007308188","[H]c1c([H])c(S(=O)(=O)N2C([H])([H])[C@@]([H])(C([H])([H])[H])O[C@]([H])(C([H])([H])[H])C2([H])[H])c([H])c([H])c1C(F)(F)F",0.2208,"Tipranavir"
"ZINC000007308187","[H]c1c([H])c(S(=O)(=O)N2C([H])([H])[C@]([H])(C([H])([H])[H])O[C@@]([H])(C([H])([H])[H])C2([H])[H])c([H])c([H])c1C(F)(F)F",0.2208,"Tipranavir"
"ZINC000012612554","[H]c1c([H])c(S(=O)(=O)N2C([H])([H])[C@]([H])(C([H])([H])[H])O[C@]([H])(C([H])([H])[H])C2([H])[H])c([H])c([H])c1C(F)(F)F",0.2208,"Tipranavir"
"ZINC000216013620","[H]c1c([H])c([H])c(C([H])([H])C([H])([H])C(=O)C(=O)N(C([H])([H])[H])C([H])([H])C([H])([H])[C@@]2([H])OC([H])([H])C([H])([H])C([H])([H])C2([H])[H])c([H])c1[H]",0.2000,"Darunavir"
"ZINC000072008204","[H]c1c([H])c(C(F)(F)F)c([H])c([H])c1N([H])C(=O)[C@]([H])(C([H])([H])[H])S(=O)(=O)C([H])(C([H])([H])[H])C([H])([H])[H]",0.2051,"Tipranavir"
"ZINC000158195877","[H]c1c([H])c(C2([H])C([H])([H])C([H])([H])N(C(=O)[C@@]([H])(C([H])([H])[H])[N+]([H])([H])[H])C([H])([H])C2([H])[H])c([H])c([H])c1C(F)(F)F",0.2024,"Tipranavir"
"ZINC000158195753","[H]c1c([H])c(C2([H])C([H])([H])C([H])([H])N(C(=O)[C@]([H])(C([H])([H])[H])[N+]([H])([H])[H])C([H])([H])C2([H])[H])c([H])c([H])c1C(F)(F)F",0.2024,"Tipranavir"
"ZINC000000074478","[H]c1c([H])c(C(F)(F)F)c([H])c(S(=O)(=O)N2C([H])([H])C([H])([H])C([H])(C([H])([H])[H])C([H])([H])C2([H])[H])c1[H]",0.2000,"Tipranavir"
"ZINC000000464363","[H]c1c([H])c(C(F)(F)F)c([H])c(S(=O)(=O)N2C([H])([H])[C@@]([H])(C([H])([H])[H])C([H])([H])[C@]([H])(C([H])([H])[H])C2([H])[H])c1[H]",0.2152,"Tipranavir"
"ZINC000000464362","[H]c1c([H])c(C(F)(F)F)c([H])c(S(=O)(=O)N2C([H])([H])[C@]([H])(C([H])([H])[H])C([H])([H])[C@@]([H])(C([H])([H])[H])C2([H])[H])c1[H]",0.2152,"Tipranavir"
"ZINC000240934419","[H]OC1([H])C([H])([H])N(C(=O)c2c([H])c([H])c([H])c([H])c2-c2c([H])c([H])c(C(F)(F)F)c([H])c2[H])C1([H])[H]",0.2000,"Tipranavir"
"ZINC000012883511","[H]c1c([H])c(C(F)(F)F)c([H])c(S(=O)(=O)N2C([H])([H])[C@]([H])(C([H])([H])[H])C([H])([H])[C@]([H])(C([H])([H])[H])C2([H])[H])c1[H]",0.2152,"Tipranavir"
"ZINC000000387132","[H]c1c([H])c(C(F)(F)F)c([H])c(S(=O)(=O)N2[C@]([H])(C([H])([H])[H])C([H])([H])C([H])([H])C([H])([H])[C@@]2([H])C([H])([H])[H])c1[H]",0.2152,"Tipranavir"
"ZINC000000387133","[H]c1c([H])c(C(F)(F)F)c([H])c(S(=O)(=O)N2[C@@]([H])(C([H])([H])[H])C([H])([H])C([H])([H])C([H])([H])[C@]2([H])C([H])([H])[H])c1[H]",0.2152,"Tipranavir"
"ZINC000012883027","[H]c1c([H])c(C(F)(F)F)c([H])c(S(=O)(=O)N2[C@@]([H])(C([H])([H])[H])C([H])([H])C([H])([H])C([H])([H])[C@@]2([H])C([H])([H])[H])c1[H]",0.2152,"Tipranavir"
"ZINC000078657674","[H]c1c([H])c([C@]([H])(C([H])([H])[H])S(=O)(=O)C2([H])C([H])([H])C([H])([H])C([H])([H])C2([H])[H])c([H])c([H])c1C(F)(F)F",0.2078,"Tipranavir"
"ZINC000078657678","[H]c1c([H])c([C@@]([H])(C([H])([H])[H])S(=O)(=O)C2([H])C([H])([H])C([H])([H])C([H])([H])C2([H])[H])c([H])c([H])c1C(F)(F)F",0.2078,"Tipranavir"
"ZINC000022229480","[H]c1c([H])c(S(=O)(=O)N(C([H])([H])C([H])([H])[H])C([H])([H])C([H])([H])[H])c([H])c([H])c1C([H])([H])C([H])([H])N([H])C(=O)C(=O)N([H])[H]",0.2088,"Darunavir"
"ZINC000009094912","[H]c1c([H])c(S(=O)(=O)N(C([H])([H])C([H])([H])[H])C([H])([H])C([H])([H])[H])c([H])c([H])c1OC([H])([H])C(=O)N([H])C([H])([H])C([H])([H])OC([H])([H])[H]",0.2021,"Darunavir"
"ZINC000016650620","[H]c1c([H])c(S(=O)(=O)N(C([H])([H])[H])C([H])([H])[H])c([H])c([H])c1OC([H])([H])C(=O)N([H])C([H])([H])[C@@]1([H])OC([H])([H])C([H])([H])C1([H])[H]",0.2143,"Darunavir"
"ZINC000031625402","[H]c1c(C(F)(F)F)c([H])n(C([H])([H])C(=O)N2C([H])([H])C([H])([H])C([H])([H])[C@@]([H])(C(=O)N([H])[H])C2([H])[H])c(=O)c1[H]",0.2000,"Tipranavir"
"ZINC000031625403","[H]c1c(C(F)(F)F)c([H])n(C([H])([H])C(=O)N2C([H])([H])C([H])([H])C([H])([H])[C@]([H])(C(=O)N([H])[H])C2([H])[H])c(=O)c1[H]",0.2000,"Tipranavir"
"ZINC000004653832","[H]c1nc([H])c(C([H])([H])N2C(=O)N([H])[C@](N([H])C(=O)C3([H])C([H])([H])C3([H])[H])(C(F)(F)F)C2=O)c([H])c1[H]",0.2174,"Saquinavir"
"ZINC000046120923","[H]c1c([H])c(S(=O)(=O)N([H])[H])c([H])c([H])c1C([H])([H])C([H])([H])N([H])C(=O)C([H])([H])C([H])([H])[C@]1([H])OC([H])([H])C([H])([H])C1([H])[H]",0.2062,"Darunavir"
"ZINC000004622639","[H]c1nc([H])c(C([H])([H])N2C(=O)N([H])[C@@](N([H])C(=O)C3([H])C([H])([H])C3([H])[H])(C(F)(F)F)C2=O)c([H])c1[H]",0.2174,"Saquinavir"
"ZINC000046120921","[H]c1c([H])c(S(=O)(=O)N([H])[H])c([H])c([H])c1C([H])([H])C([H])([H])N([H])C(=O)C([H])([H])C([H])([H])[C@@]1([H])OC([H])([H])C([H])([H])C1([H])[H]",0.2062,"Darunavir"
"ZINC000016650622","[H]c1c([H])c(S(=O)(=O)N(C([H])([H])[H])C([H])([H])[H])c([H])c([H])c1OC([H])([H])C(=O)N([H])C([H])([H])[C@]1([H])OC([H])([H])C([H])([H])C1([H])[H]",0.2143,"Darunavir"
"ZINC000028207189","[H]c1c([H])c(S(=O)(=O)N(C([H])([H])[H])C([H])([H])[H])c([H])c([H])c1OC([H])([H])C(=O)N([H])C([H])([H])C([H])([H])C([H])([H])OC([H])([H])[H]",0.2021,"Darunavir"
"ZINC000039985290","[H]c1c([H])c([H])c(S(=O)(=O)N(C([H])([H])C(=O)N([H])C([H])([H])[C@@]2([H])OC([H])([H])C([H])([H])C2([H])[H])C([H])([H])C([H])([H])[H])c([H])c1[H]",0.2062,"Darunavir"
"ZINC000039985291","[H]c1c([H])c([H])c(S(=O)(=O)N(C([H])([H])C(=O)N([H])C([H])([H])[C@]2([H])OC([H])([H])C([H])([H])C2([H])[H])C([H])([H])C([H])([H])[H])c([H])c1[H]",0.2062,"Darunavir"
"ZINC000253430671","[H]Oc1c([H])c([H])c(C(F)(F)F)c([H])c1S(=O)(=O)N1C([H])([H])C([H])([H])C([H])([H])[C@@]1([H])C([H])([H])O[H]",0.2093,"Tipranavir"
"ZINC000253430669","[H]Oc1c([H])c([H])c(C(F)(F)F)c([H])c1S(=O)(=O)N1C([H])([H])C([H])([H])C([H])([H])[C@]1([H])C([H])([H])O[H]",0.2093,"Tipranavir"
"ZINC000187154036","[H]c1c([H])c(C(F)(F)F)c([H])c(S(=O)(=O)N2C([H])([H])C([H])([H])[N+]([H])([H])[C@]([H])(C([H])([H])[H])C2([H])[H])c1F",0.2118,"Tipranavir"
"ZINC000071871298","[H]O[C@@]([H])(C([H])([H])[H])C([H])([H])[N+]1([H])C([H])([H])C([H])([H])N(C(=O)C([H])([H])Oc2c([H])c([H])c(C(F)(F)F)c([H])c2[H])C([H])([H])C1([H])[H]",0.2000,"Tipranavir"
"ZINC000237692985","[H]c1c([H])c(C(F)(F)F)c([H])c(S(=O)(=O)N2C([H])([H])C([H])([H])[N+]([H])([H])[C@@]([H])(C([H])([H])[H])C2([H])[H])c1F",0.2118,"Tipranavir"
"ZINC000003457872","[H]c1c([H])c(S(=O)(=O)N(C([H])([H])C([H])([H])[H])C([H])([H])C([H])([H])[H])c([H])c([H])c1N1C(=O)C([H])([H])[C@]([H])(C(=O)O)C1([H])[H]",0.2021,"Darunavir"
"ZINC000253430671","[H]OC([H])([H])[C@@]1([H])N(S(=O)(=O)c2c([H])c(C(F)(F)F)c([H])c([H])c2O)C([H])([H])C([H])([H])C1([H])[H]",0.2262,"Tipranavir"
"ZINC000253430669","[H]OC([H])([H])[C@]1([H])N(S(=O)(=O)c2c([H])c(C(F)(F)F)c([H])c([H])c2O)C([H])([H])C([H])([H])C1([H])[H]",0.2262,"Tipranavir"
"ZINC000003457874","[H]c1c([H])c(S(=O)(=O)N(C([H])([H])C([H])([H])[H])C([H])([H])C([H])([H])[H])c([H])c([H])c1N1C(=O)C([H])([H])[C@@]([H])(C(=O)O)C1([H])[H]",0.2021,"Darunavir"
"ZINC000003391894","[H]c1c([H])c(S(=O)(=O)N(C([H])([H])C(=O)N([H])C2([H])C([H])([H])C2([H])[H])C([H])([H])C([H])([H])C([H])([H])OC([H])([H])[H])c([H])c([H])c1C([H])([H])[H]",0.2143,"Darunavir"
"ZINC000009134027","[H]c1c([H])c([H])c(C([H])([H])N2C(=O)N([H])[C@](N([H])C(=O)C3([H])C([H])([H])C3([H])[H])(C(F)(F)F)C2=O)c([H])c1[H]",0.2184,"Saquinavir"
"ZINC000009134025","[H]c1c([H])c([H])c(C([H])([H])N2C(=O)N([H])[C@@](N([H])C(=O)C3([H])C([H])([H])C3([H])[H])(C(F)(F)F)C2=O)c([H])c1[H]",0.2184,"Saquinavir"
"ZINC000187154036","[H]c1c([H])c(C(F)(F)F)c([H])c(S(=O)(=O)N2C([H])([H])C([H])([H])N([H])[C@]([H])(C([H])([H])[H])C2([H])[H])c1F",0.2118,"Tipranavir"
"ZINC000072108397","[H]c1c([H])c(S(=O)(=O)N2C([H])([H])C([H])([H])N(C(=O)C([H])([H])[H])C([H])([H])C2([H])[H])c([H])c([H])c1C(F)(F)F",0.2208,"Tipranavir"
"ZINC000237692985","[H]c1c([H])c(C(F)(F)F)c([H])c(S(=O)(=O)N2C([H])([H])C([H])([H])N([H])[C@@]([H])(C([H])([H])[H])C2([H])[H])c1F",0.2118,"Tipranavir"
"ZINC000004511240","[H]c1c([H])c(S(=O)(=O)N(C([H])([H])C(=O)N([H])C([H])([H])[C@]2([H])OC([H])([H])C([H])([H])C2([H])[H])C([H])([H])C([H])([H])[H])c([H])c([H])c1F",0.2000,"Darunavir"
"ZINC000016648334","[H]c1c([H])c(S(=O)(=O)N(C([H])([H])[H])C([H])([H])[H])c([H])c([H])c1OC([H])([H])C(=O)N([H])C1([H])C([H])([H])C([H])([H])C([H])([H])C([H])([H])C1([H])[H]",0.2000,"Darunavir"
"ZINC000154173577","[H]c1c([H])c([C@]2([H])C(=O)N([H])C([H])([H])C([H])([H])N2S(=O)(=O)C2([H])C([H])([H])C2([H])[H])c([H])c([H])c1C(F)(F)F",0.2099,"Tipranavir"
"ZINC000154173690","[H]c1c([H])c([C@@]2([H])C(=O)N([H])C([H])([H])C([H])([H])N2S(=O)(=O)C2([H])C([H])([H])C2([H])[H])c([H])c([H])c1C(F)(F)F",0.2099,"Tipranavir"
"ZINC000025394054","[H]c1c([H])c(S(=O)(=O)N(C([H])([H])C([H])([H])[H])C([H])([H])C([H])([H])[H])c([H])c([H])c1C([H])([H])N([H])C(=O)[C@]1([H])OC([H])([H])C([H])([H])C1([H])[H]",0.2062,"Darunavir"
"ZINC000027551410","[H]c1c([H])c(C(F)(F)F)c([H])c(S(=O)(=O)N2C([H])([H])C([H])([H])N(C([H])([H])[H])C([H])([H])C2([H])[H])c1F",0.2025,"Tipranavir"
"ZINC000069453767","[H]c1c([H])c(C(F)(F)F)c([H])c(S(=O)(=O)N2C([H])([H])C([H])([H])[C@@]([H])(C(=O)N([H])[H])C2([H])[H])c1F",0.2093,"Tipranavir"
"ZINC000075144291","[H]c1c([H])c(S(=O)(=O)N(C([H])([H])[H])C([H])([H])[H])c([H])c(N([H])C(=O)C([H])([H])C([H])([H])[C@@]2([H])OC([H])([H])C([H])([H])C2([H])[H])c1F",0.2079,"Darunavir"
"ZINC000075144295","[H]c1c([H])c(S(=O)(=O)N(C([H])([H])[H])C([H])([H])[H])c([H])c(N([H])C(=O)C([H])([H])C([H])([H])[C@]2([H])OC([H])([H])C([H])([H])C2([H])[H])c1F",0.2079,"Darunavir"
"ZINC000000529037","[H]c1c([H])c(S(=O)(=O)N(C([H])([H])C(=O)N([H])C([H])([H])[C@]2([H])OC([H])([H])C([H])([H])C2([H])[H])C([H])([H])C([H])([H])[H])c([H])c([H])c1C([H])([H])[H]",0.2000,"Darunavir"
"ZINC000000529040","[H]c1c([H])c(S(=O)(=O)N(C([H])([H])C(=O)N([H])C([H])([H])[C@@]2([H])OC([H])([H])C([H])([H])C2([H])[H])C([H])([H])C([H])([H])[H])c([H])c([H])c1C([H])([H])[H]",0.2000,"Darunavir"
"ZINC000004511237","[H]c1c([H])c(S(=O)(=O)N(C([H])([H])C(=O)N([H])C([H])([H])[C@@]2([H])OC([H])([H])C([H])([H])C2([H])[H])C([H])([H])C([H])([H])[H])c([H])c([H])c1F",0.2000,"Darunavir"
"ZINC000069453766","[H]c1c([H])c(C(F)(F)F)c([H])c(S(=O)(=O)N2C([H])([H])C([H])([H])[C@]([H])(C(=O)N([H])[H])C2([H])[H])c1F",0.2093,"Tipranavir"
"ZINC000019929576","[H]c1c([H])c(S(=O)(=O)N(C([H])([H])C(=O)N([H])C2([H])C([H])([H])C2([H])[H])C([H])([H])C([H])([H])[H])c([H])c(C([H])([H])[H])c1OC([H])([H])[H]",0.2000,"Darunavir"
"ZINC000408608622","[H]c1c([H])c(S(=O)(=O)N(C([H])([H])C([H])([H])[H])C([H])([H])C([H])([H])[H])c([H])c([H])c1OC([H])([H])C(=O)N([H])C([H])([H])C([H])(C([H])([H])[H])C([H])([H])[H]",0.2021,"Darunavir"
"ZINC000408607754","[H]c1c([H])c(S(=O)(=O)N(C([H])([H])C([H])([H])[H])C([H])([H])C([H])([H])[H])c([H])c([H])c1OC([H])([H])C(=O)N([H])C([H])(C([H])([H])[H])C([H])([H])[H]",0.2065,"Darunavir"
"ZINC000028208302","[H]c1c([H])c(S(=O)(=O)N(C([H])([H])[H])C([H])([H])[H])c([H])c([H])c1C([H])([H])C([H])([H])C(=O)N([H])C([H])([H])C([H])([H])C([H])([H])OC([H])([H])[H]",0.2043,"Darunavir"
"ZINC000028207332","[H]c1c([H])c(S(=O)(=O)N(C([H])([H])[H])C([H])([H])[H])c([H])c([H])c1OC([H])([H])C(=O)N([H])[C@]([H])(C([H])([H])[H])C([H])([H])C([H])([H])C([H])([H])[H]",0.2000,"Darunavir"
"ZINC000028207335","[H]c1c([H])c(S(=O)(=O)N(C([H])([H])[H])C([H])([H])[H])c([H])c([H])c1OC([H])([H])C(=O)N([H])[C@@]([H])(C([H])([H])[H])C([H])([H])C([H])([H])C([H])([H])[H]",0.2000,"Darunavir"
"ZINC000028208310","[H]c1c([H])c(S(=O)(=O)N(C([H])([H])[H])C([H])([H])[H])c([H])c([H])c1C([H])([H])C([H])([H])C(=O)N([H])C([H])([H])[C@@]1([H])OC([H])([H])C([H])([H])C1([H])[H]",0.2165,"Darunavir"
"ZINC000028208441","[H]c1c([H])c(S(=O)(=O)N(C([H])([H])C([H])([H])[H])C([H])([H])C([H])([H])[H])c([H])c([H])c1C([H])([H])C([H])([H])C(=O)N([H])C([H])([H])C([H])([H])OC([H])([H])[H]",0.2043,"Darunavir"
"ZINC000357228869","[H]c1c([H])c(S(=O)(=O)N(C([H])([H])C([H])([H])[H])C([H])([H])C([H])([H])[H])c([H])c([H])c1OC([H])([H])C(=O)N([H])C1([H])C([H])([H])C1([H])[H]",0.2151,"Darunavir"
"ZINC000096415027","[H]c1c([H])c(S(=O)(=O)N2C([H])([H])C([H])([H])OC([H])([H])[C@@]2([H])C([H])([H])[H])c(C#N)c([H])c1C(F)(F)F",0.2045,"Tipranavir"
"ZINC000091645915","[H]c1c([H])c(S(=O)(=O)N2C([H])([H])[C@]3([H])C([H])([H])N(C([H])([H])[H])C([H])([H])[C@@]2([H])C([H])([H])C3([H])[H])c([H])c([H])c1C(F)(F)F",0.2195,"Tipranavir"
"ZINC000091645915","[H]c1c([H])c(S(=O)(=O)N2C([H])([H])[C@@]3([H])C([H])([H])C([H])([H])[C@]2([H])C([H])([H])[N@@+]([H])(C([H])([H])[H])C3([H])[H])c([H])c([H])c1C(F)(F)F",0.2143,"Tipranavir"
"ZINC000013267702","[H]c1c([H])c(S(=O)(=O)N2C([H])([H])C([H])([H])C([H])([H])[C@@]([H])(C(=O)O)C2([H])[H])c([H])c([H])c1C(F)(F)F",0.2099,"Tipranavir"
"ZINC000000378813","[H]c1c([H])c(S(=O)(=O)N2C([H])([H])C([H])([H])C([H])(C(=O)O)C([H])([H])C2([H])[H])c([H])c([H])c1C(F)(F)F",0.2208,"Tipranavir"
"ZINC000013267704","[H]c1c([H])c(S(=O)(=O)N2C([H])([H])C([H])([H])C([H])([H])[C@]([H])(C(=O)O)C2([H])[H])c([H])c([H])c1C(F)(F)F",0.2099,"Tipranavir"
"ZINC000035397954","[H]c1c([H])c(C(F)(F)F)c([H])c(S(=O)(=O)N2C([H])([H])C([H])([H])N(C([H])([H])[H])C([H])([H])C2([H])[H])c1Cl",0.2000,"Tipranavir"
"ZINC000009691490","[H]c1c([H])c(C(F)(F)F)c([H])c([H])c1N([H])C(=O)[C@@]1([H])N(S(=O)(=O)C([H])([H])[H])C([H])([H])C([H])([H])C1([H])[H]",0.2143,"Tipranavir"
"ZINC000009691489","[H]c1c([H])c(C(F)(F)F)c([H])c([H])c1N([H])C(=O)[C@]1([H])N(S(=O)(=O)C([H])([H])[H])C([H])([H])C([H])([H])C1([H])[H]",0.2143,"Tipranavir"
"ZINC000004122313","[H]c1c([H])c([H])c(C([H])([H])N(C([H])([H])C(=O)N([H])C([H])(C([H])([H])[H])C([H])([H])[H])S(=O)(=O)c2c([H])c([H])c([H])c([H])c2[H])c([H])c1[H]",0.2000,"Darunavir"
"ZINC000000079959","[H]c1c([H])c([H])c(C([H])([H])N(C([H])([H])C(=O)N([H])C2([H])C([H])([H])C2([H])[H])S(=O)(=O)c2c([H])c([H])c([H])c([H])c2[H])c([H])c1[H]",0.2000,"Darunavir"
"ZINC000042036370","[H]c1c(C(F)(F)F)c([H])n2c([C@@]3([H])C([H])([H])N(C(=O)C([H])([H])OC([H])([H])[H])C([H])([H])C([H])([H])C3([H])[H])nnc2c1[H]",0.2000,"Tipranavir"
"ZINC000042036368","[H]c1c(C(F)(F)F)c([H])n2c([C@]3([H])C([H])([H])N(C(=O)C([H])([H])OC([H])([H])[H])C([H])([H])C([H])([H])C3([H])[H])nnc2c1[H]",0.2000,"Tipranavir"
"ZINC000002878041","[H]c1c([H])c([H])c(C([H])([H])C([H])([H])N([H])C(=O)C([H])([H])N(C([H])([H])C([H])([H])[H])S(=O)(=O)c2c([H])c([H])c([H])c([H])c2[H])c([H])c1[H]",0.2000,"Darunavir"
"ZINC000016647544","[H]c1c([H])c(S(=O)(=O)N(C([H])([H])[H])C([H])([H])[H])c([H])c([H])c1C([H])([H])C([H])([H])C(=O)N([H])C1([H])C([H])([H])C([H])([H])C([H])([H])C([H])([H])C1([H])[H]",0.2021,"Darunavir"
"ZINC000016651369","[H]c1c([H])c(S(=O)(=O)N(C([H])([H])C([H])([H])[H])C([H])([H])C([H])([H])[H])c([H])c([H])c1C([H])([H])C([H])([H])C(=O)N([H])C([H])(C([H])([H])[H])C([H])([H])[H]",0.2088,"Darunavir"
"ZINC000091645915","[H]c1c([H])c(S(=O)(=O)N2C([H])([H])[C@@]3([H])C([H])([H])C([H])([H])[C@]2([H])C([H])([H])[N@+]([H])(C([H])([H])[H])C3([H])[H])c([H])c([H])c1C(F)(F)F",0.2143,"Tipranavir"
"ZINC000095370234","[H]c1c([H])c(S(=O)(=O)N2C([H])([H])[C@]([H])(C([H])([H])C([H])([H])C([H])([H])[H])[C@@]([H])([N+]([H])([H])[H])C2([H])[H])c([H])c([H])c1C(F)(F)F",0.2093,"Tipranavir"
"ZINC000112511463","[H]c1c([H])c(S(=O)(=O)N2C([H])([H])C([H])([H])C([H])([H])[C@]([H])([C@@]([H])(C([H])([H])[H])[N+]([H])([H])[H])C2([H])[H])c([H])c([H])c1C(F)(F)F",0.2069,"Tipranavir"
"ZINC000112511457","[H]c1c([H])c(S(=O)(=O)N2C([H])([H])C([H])([H])C([H])([H])[C@@]([H])([C@]([H])(C([H])([H])[H])[N+]([H])([H])[H])C2([H])[H])c([H])c([H])c1C(F)(F)F",0.2069,"Tipranavir"
"ZINC000112511459","[H]c1c([H])c(S(=O)(=O)N2C([H])([H])C([H])([H])C([H])([H])[C@@]([H])([C@@]([H])(C([H])([H])[H])[N+]([H])([H])[H])C2([H])[H])c([H])c([H])c1C(F)(F)F",0.2069,"Tipranavir"
"ZINC000112511461","[H]c1c([H])c(S(=O)(=O)N2C([H])([H])C([H])([H])C([H])([H])[C@]([H])([C@]([H])(C([H])([H])[H])[N+]([H])([H])[H])C2([H])[H])c([H])c([H])c1C(F)(F)F",0.2069,"Tipranavir"
"ZINC000408609488","[H]c1c([H])c(S(=O)(=O)N(C([H])([H])C([H])([H])[H])C([H])([H])C([H])([H])[H])c([H])c([H])c1OC([H])([H])C(=O)N([H])[C@@]([H])(C([H])([H])[H])C([H])([H])C([H])([H])[H]",0.2128,"Darunavir"
"ZINC000020901435","[H]c1c([H])c(S(=O)(=O)N(C([H])([H])C([H])([H])[H])C([H])([H])C([H])([H])[H])c([H])c([H])c1C([H])([H])C([H])([H])C(=O)N([H])C([H])([H])C([H])(C([H])([H])[H])C([H])([H])[H]",0.2043,"Darunavir"
"ZINC000028208416","[H]c1c([H])c(S(=O)(=O)N(C([H])([H])[H])C([H])([H])[H])c([H])c([H])c1C([H])([H])C([H])([H])C(=O)N([H])[C@@]([H])(C([H])([H])[H])C([H])([H])C([H])([H])C([H])([H])[H]",0.2021,"Darunavir"
"ZINC000028208414","[H]c1c([H])c(S(=O)(=O)N(C([H])([H])[H])C([H])([H])[H])c([H])c([H])c1C([H])([H])C([H])([H])C(=O)N([H])[C@]([H])(C([H])([H])[H])C([H])([H])C([H])([H])C([H])([H])[H]",0.2021,"Darunavir"
"ZINC000408609486","[H]c1c([H])c(S(=O)(=O)N(C([H])([H])C([H])([H])[H])C([H])([H])C([H])([H])[H])c([H])c([H])c1OC([H])([H])C(=O)N([H])[C@]([H])(C([H])([H])[H])C([H])([H])C([H])([H])[H]",0.2128,"Darunavir"
"ZINC000020781431","[H]c1c([H])c(C(F)(F)F)c([H])c([H])c1C(=O)[C@]1([H])C([H])([H])N(S(=O)(=O)C([H])([H])[H])C([H])([H])C([H])([H])C1([H])[H]",0.2024,"Tipranavir"
"ZINC000020781428","[H]c1c([H])c(C(F)(F)F)c([H])c([H])c1C(=O)[C@@]1([H])C([H])([H])N(S(=O)(=O)C([H])([H])[H])C([H])([H])C([H])([H])C1([H])[H]",0.2024,"Tipranavir"
"ZINC000012438635","[H]c1c([H])c(C(F)(F)F)c([H])c([H])c1C(=O)[C@@]1([H])C([H])([H])N(C(=O)C([H])([H])OC([H])([H])[H])C([H])([H])C([H])([H])C1([H])[H]",0.2045,"Tipranavir"
"ZINC000012438637","[H]c1c([H])c(C(F)(F)F)c([H])c([H])c1C(=O)[C@]1([H])C([H])([H])N(C(=O)C([H])([H])OC([H])([H])[H])C([H])([H])C([H])([H])C1([H])[H]",0.2045,"Tipranavir"
"ZINC000651783070","[H]OC1(C2([H])C([H])([H])C([H])([H])N(S(=O)(=O)c3c([H])c([H])c([H])c(C(F)(F)F)c3[H])C([H])([H])C2([H])[H])C([H])([H])C1([H])[H]",0.2024,"Tipranavir"
"ZINC000426722728","[H]c1c([H])c(C([H])([H])N([H])C(=O)N2C([H])([H])[C@@]3([H])[C@@]([H])(C2([H])[H])[C@]3([H])C([H])([H])[N+]([H])(C([H])([H])[H])C([H])([H])[H])c([H])c([H])c1C(F)(F)F",0.2022,"Tipranavir"
"ZINC000027338567","[H]c1c([H])c(S(=O)(=O)N(C([H])([H])C([H])([H])[H])C([H])([H])C([H])([H])[H])c([H])c([H])c1C([H])([H])C([H])([H])C(=O)N([H])[C@@]([H])(C([H])([H])[H])C([H])([H])C([H])([H])[H]",0.2151,"Darunavir"
"ZINC000027338565","[H]c1c([H])c(S(=O)(=O)N(C([H])([H])C([H])([H])[H])C([H])([H])C([H])([H])[H])c([H])c([H])c1C([H])([H])C([H])([H])C(=O)N([H])[C@]([H])(C([H])([H])[H])C([H])([H])C([H])([H])[H]",0.2151,"Darunavir"
"ZINC000096121979","[H]c1c([H])c(C(F)(F)F)c([H])c([H])c1C(=O)N1C([H])([H])C([H])(S(=O)(=O)C([H])([H])C([H])(C([H])([H])[H])C([H])([H])[H])C1([H])[H]",0.2143,"Tipranavir"
"ZINC000096446586","[H]c1c([H])c(C(F)(F)F)c([H])c(S(=O)(=O)N2C([H])([H])C([H])([H])C([H])(OC([H])([H])[H])C([H])([H])C2([H])[H])c1C([H])([H])[H]",0.2024,"Tipranavir"
"ZINC000096479550","[H]c1c([H])c([C@]([H])(C([H])([H])[H])C([H])([H])C(=O)N2C([H])([H])C([H])([H])C([H])([H])[C@@]([H])(C(=O)O)C2([H])[H])c([H])c([H])c1C(F)(F)F",0.2000,"Tipranavir"
"ZINC000096479546","[H]c1c([H])c([C@]([H])(C([H])([H])[H])C([H])([H])C(=O)N2C([H])([H])C([H])([H])C([H])([H])[C@]([H])(C(=O)O)C2([H])[H])c([H])c([H])c1C(F)(F)F",0.2000,"Tipranavir"
"ZINC000096479544","[H]c1c([H])c([C@@]([H])(C([H])([H])[H])C([H])([H])C(=O)N2C([H])([H])C([H])([H])C([H])([H])[C@]([H])(C(=O)O)C2([H])[H])c([H])c([H])c1C(F)(F)F",0.2000,"Tipranavir"
"ZINC000096479548","[H]c1c([H])c([C@@]([H])(C([H])([H])[H])C([H])([H])C(=O)N2C([H])([H])C([H])([H])C([H])([H])[C@@]([H])(C(=O)O)C2([H])[H])c([H])c([H])c1C(F)(F)F",0.2000,"Tipranavir"
"ZINC000064943775","[H]c1c([H])c(C([H])([H])N(C2([H])C([H])([H])C2([H])[H])S(=O)(=O)C([H])([H])C([H])([H])C([H])([H])C([H])([H])[H])c([H])c([H])c1C(F)(F)F",0.2024,"Tipranavir"
"ZINC000085423431","[H]c1c([H])c(C(F)(F)F)c(S(=O)(=O)N2C([H])([H])C([H])([H])C([H])([H])C2([H])[H])c([H])c1C(F)(F)F",0.2055,"Tipranavir"
"ZINC000029789750","[H]c1c([H])c([H])c(-c2c([H])c([H])c(C(F)(F)F)c([H])c2[H])c(C(=O)N2C([H])([H])C([H])([H])O[C@@]([H])(C([H])([H])[H])C2([H])[H])c1[H]",0.2093,"Tipranavir"
"ZINC000029789748","[H]c1c([H])c([H])c(-c2c([H])c([H])c(C(F)(F)F)c([H])c2[H])c(C(=O)N2C([H])([H])C([H])([H])O[C@]([H])(C([H])([H])[H])C2([H])[H])c1[H]",0.2093,"Tipranavir"
"ZINC000012897452","[H]c1c([H])c(S(=O)(=O)N(C([H])([H])C([H])([H])[H])C([H])([H])C([H])([H])[H])c([H])c([H])c1C(=O)N([H])C([H])([H])C(=O)N([H])C1([H])C([H])([H])C1([H])[H]",0.2000,"Darunavir"
"ZINC000016651886","[H]c1c([H])c(S(=O)(=O)N(C([H])([H])[H])C([H])([H])[H])c([H])c(C([H])([H])[H])c1OC([H])([H])C(=O)N([H])C([H])([H])[C@]1([H])OC([H])([H])C([H])([H])C1([H])[H]",0.2019,"Darunavir"
"ZINC000237440759","[H]c1c([H])c(S(=O)(=O)N2C([H])([H])C([H])([H])[N+]([H])([C@@]([H])(C(=O)O)C([H])([H])[H])C([H])([H])C2([H])[H])c([H])c([H])c1C(F)(F)F",0.2169,"Tipranavir"
"ZINC000237507918","[H]c1c([H])c(S(=O)(=O)N2C([H])([H])C([H])([H])[N+]([H])([C@]([H])(C(=O)O)C([H])([H])[H])C([H])([H])C2([H])[H])c([H])c([H])c1C(F)(F)F",0.2169,"Tipranavir"
"ZINC000237440759","[H]c1c([H])c(S(=O)(=O)N2C([H])([H])C([H])([H])N([C@@]([H])(C(=O)O)C([H])([H])[H])C([H])([H])C2([H])[H])c([H])c([H])c1C(F)(F)F",0.2222,"Tipranavir"
"ZINC000237507918","[H]c1c([H])c(S(=O)(=O)N2C([H])([H])C([H])([H])N([C@]([H])(C(=O)O)C([H])([H])[H])C([H])([H])C2([H])[H])c([H])c([H])c1C(F)(F)F",0.2222,"Tipranavir"
"ZINC000008699061","[H]c1c([H])c(S(=O)(=O)N2C([H])([H])C([H])([H])N(C([H])([H])C(=O)O)C([H])([H])C2([H])[H])c([H])c([H])c1C(F)(F)F",0.2025,"Tipranavir"
"ZINC000237441142","[H]c1c([H])c(C(F)(F)F)c([H])c(S(=O)(=O)N2C([H])([H])C([H])([H])N([C@@]([H])(C(=O)O)C([H])([H])[H])C([H])([H])C2([H])[H])c1[H]",0.2000,"Tipranavir"
"ZINC000237508180","[H]c1c([H])c(C(F)(F)F)c([H])c(S(=O)(=O)N2C([H])([H])C([H])([H])N([C@]([H])(C(=O)O)C([H])([H])[H])C([H])([H])C2([H])[H])c1[H]",0.2000,"Tipranavir"
"ZINC000024685909","[H]c1c([H])c(C(F)(F)F)c([H])c(S(=O)(=O)N2C([H])([H])C([H])([H])C([H])([H])C([H])([H])[C@]2([H])C(=O)N([H])C([H])([H])[H])c1[H]",0.2022,"Tipranavir"
"ZINC000024686437","[H]c1c([H])c(S(=O)(=O)N2C([H])([H])C([H])([H])C([H])([H])C([H])([H])[C@@]2([H])C(=O)N([H])C([H])([H])[H])c([H])c([H])c1C(F)(F)F",0.2235,"Tipranavir"
"ZINC000024685905","[H]c1c([H])c(C(F)(F)F)c([H])c(S(=O)(=O)N2C([H])([H])C([H])([H])C([H])([H])C([H])([H])[C@@]2([H])C(=O)N([H])C([H])([H])[H])c1[H]",0.2022,"Tipranavir"
"ZINC000024712242","[H]c1c([H])c(C(F)(F)F)c([H])c(S(=O)(=O)N2C([H])([H])C([H])([H])C([H])([H])[C@]2([H])C(=O)N(C([H])([H])[H])C([H])([H])[H])c1[H]",0.2069,"Tipranavir"
"ZINC000012650369","[H]c1c([H])c(S(=O)(=O)N(C([H])([H])C(=O)N([H])C([H])([H])[C@@]2([H])OC([H])([H])C([H])([H])C2([H])[H])C([H])([H])C([H])([H])[H])c([H])c([H])c1OC([H])([H])[H]",0.2059,"Darunavir"
"ZINC000004452616","[H]c1c([H])c([H])c(C([H])([H])C([H])([H])N2C(=O)N([H])[C@](N([H])C(=O)C3([H])C([H])([H])C3([H])[H])(C(F)(F)F)C2=O)c([H])c1[H]",0.2135,"Saquinavir"
"ZINC000004454906","[H]c1c([H])c(S(=O)(=O)N(C([H])([H])C([H])([H])[H])C([H])([H])C([H])([H])[H])c([H])c(N([H])C(=O)[C@]2([H])OC([H])([H])C([H])([H])C2([H])[H])c1OC([H])([H])[H]",0.2039,"Darunavir"
"ZINC000005060805","[H]c1c([H])c(S(=O)(=O)N(C([H])([H])C(=O)N([H])C([H])([H])[C@]2([H])OC([H])([H])C([H])([H])C2([H])[H])C([H])([H])C([H])([H])[H])c([H])c([H])c1OC([H])([H])C([H])([H])[H]",0.2039,"Darunavir"
"ZINC000245039133","[H]c1nc(N([H])C2([H])C([H])([H])N(S(=O)(=O)c3c([H])c([H])c(C(F)(F)F)c([H])c3[H])C2([H])[H])nc([H])c1[H]",0.2073,"Tipranavir"
"ZINC000096025321","[H]c1c([H])c(S(=O)(=O)N2C([H])([H])C([H])([H])[C@@]([H])(S(=O)(=O)C([H])([H])[H])C2([H])[H])c([H])c([H])c1C(F)(F)F",0.2125,"Tipranavir"
"ZINC000048142393","[H]c1nc(N2C([H])([H])C([H])([H])N(C(=O)[C@]([H])(C([H])([H])[H])S(=O)(=O)C([H])([H])[H])C([H])([H])C2([H])[H])c([H])c([H])c1C(F)(F)F",0.2069,"Tipranavir"
"ZINC000048142396","[H]c1nc(N2C([H])([H])C([H])([H])N(C(=O)[C@@]([H])(C([H])([H])[H])S(=O)(=O)C([H])([H])[H])C([H])([H])C2([H])[H])c([H])c([H])c1C(F)(F)F",0.2069,"Tipranavir"
"ZINC000096098240","[H]c1c([H])c(S(=O)(=O)N2C([H])([H])C([H])([H])C([H])(S(=O)(=O)C([H])([H])[H])C([H])([H])C2([H])[H])c([H])c([H])c1C(F)(F)F",0.2179,"Tipranavir"
"ZINC000004454904","[H]c1c([H])c(S(=O)(=O)N(C([H])([H])C([H])([H])[H])C([H])([H])C([H])([H])[H])c([H])c(N([H])C(=O)[C@@]2([H])OC([H])([H])C([H])([H])C2([H])[H])c1OC([H])([H])[H]",0.2039,"Darunavir"
"ZINC000004452614","[H]c1c([H])c([H])c(C([H])([H])C([H])([H])N2C(=O)N([H])[C@@](N([H])C(=O)C3([H])C([H])([H])C3([H])[H])(C(F)(F)F)C2=O)c([H])c1[H]",0.2135,"Saquinavir"
"ZINC000006584916","[H]c1noc(C(=O)N([H])c2c([H])c(S(=O)(=O)N(C([H])([H])C([H])([H])[H])C([H])([H])C([H])([H])[H])c([H])c([H])c2OC([H])([H])[H])c1[H]",0.2000,"Darunavir"
"ZINC000005060802","[H]c1c([H])c(S(=O)(=O)N(C([H])([H])C(=O)N([H])C([H])([H])[C@@]2([H])OC([H])([H])C([H])([H])C2([H])[H])C([H])([H])C([H])([H])[H])c([H])c([H])c1OC([H])([H])C([H])([H])[H]",0.2039,"Darunavir"
"ZINC000065467385","[H]O[C@@]1([H])C([H])([H])C([H])([H])N(S(=O)(=O)c2c([H])c([H])c(C(F)(F)F)c([H])c2[H])[C@@]([H])(C(=O)OC([H])([H])[H])C1([H])[H]",0.2159,"Tipranavir"
"ZINC000001057086","[H]c1c([H])c(S(=O)(=O)N(C([H])([H])C(=O)N([H])C([H])([H])[C@@]2([H])OC([H])([H])C([H])([H])C2([H])[H])C([H])([H])C([H])([H])[H])c([H])c([H])c1Cl",0.2000,"Darunavir"
"ZINC000001057080","[H]c1c([H])c(S(=O)(=O)N(C([H])([H])C(=O)N([H])C([H])([H])[C@]2([H])OC([H])([H])C([H])([H])C2([H])[H])C([H])([H])C([H])([H])[H])c([H])c([H])c1Cl",0.2000,"Darunavir"
"ZINC000009314805","[H]c1c([H])c(S(=O)(=O)N(C([H])([H])C([H])([H])[H])C([H])([H])C([H])([H])[H])c([H])c(N([H])C([H])([H])C(=O)N([H])C2([H])C([H])([H])C2([H])[H])c1OC([H])([H])[H]",0.2100,"Darunavir"
"ZINC000072462892","[H]c1c([H])c(S(=O)(=O)N2C([H])([H])[C@@]3([H])C(=O)N(C([H])([H])[H])[C@@]([H])(C2([H])[H])C([H])([H])C3([H])[H])c([H])c([H])c1C(F)(F)F",0.2000,"Tipranavir"
"ZINC000010753595","[H]c1c([H])c(S(=O)(=O)N2C([H])([H])C([H])([H])C([H])([H])[C@]2([H])C(=O)N(C([H])([H])[H])C([H])([H])[H])c([H])c([H])c1C(F)(F)F",0.2289,"Tipranavir"
"ZINC000016647553","[H]c1c([H])c(S(=O)(=O)N(C([H])([H])C([H])([H])[H])C([H])([H])C([H])([H])[H])c([H])c([H])c1C([H])([H])C([H])([H])C(=O)N([H])C([H])([H])[C@@]1([H])OC([H])([H])C([H])([H])C1([H])[H]",0.2245,"Darunavir"
"ZINC000016647555","[H]c1c([H])c(S(=O)(=O)N(C([H])([H])C([H])([H])[H])C([H])([H])C([H])([H])[H])c([H])c([H])c1C([H])([H])C([H])([H])C(=O)N([H])C([H])([H])[C@]1([H])OC([H])([H])C([H])([H])C1([H])[H]",0.2245,"Darunavir"
"ZINC000024686440","[H]c1c([H])c(S(=O)(=O)N2C([H])([H])C([H])([H])C([H])([H])C([H])([H])[C@]2([H])C(=O)N([H])C([H])([H])[H])c([H])c([H])c1C(F)(F)F",0.2235,"Tipranavir"
"ZINC000002899105","[H]c1c([H])c([H])c(C([H])([H])N(C([H])([H])C(=O)N([H])C([H])([H])C([H])([H])OC([H])([H])[H])S(=O)(=O)c2c([H])c([H])c([H])c([H])c2[H])c([H])c1[H]",0.2065,"Darunavir"
"ZINC000013656358","[H]c1c([H])c(C([H])([H])N2C(=O)N([H])[C@@](N([H])C(=O)C3([H])C([H])([H])C3([H])[H])(C(F)(F)F)C2=O)c([H])c([H])c1OC([H])([H])[H]",0.2151,"Saquinavir"
"ZINC000010753586","[H]c1c([H])c(S(=O)(=O)N2C([H])([H])C([H])([H])C([H])([H])[C@@]2([H])C(=O)N(C([H])([H])[H])C([H])([H])[H])c([H])c([H])c1C(F)(F)F",0.2289,"Tipranavir"
"ZINC000032867737","[H]c1c([H])c(S(=O)(=O)N(C([H])([H])C([H])([H])[H])C([H])([H])C([H])([H])[H])c([H])c([H])c1N1C(=O)C([H])([H])[C@]([H])(C(=O)OC([H])([H])[H])C1([H])[H]",0.2062,"Darunavir"
"ZINC000011161778","[H]c1c([H])c(C(F)(F)F)c([H])c([H])c1N([H])C([H])([H])C(=O)N1C([H])([H])C([H])([H])N(S(=O)(=O)C([H])([H])[H])C([H])([H])C1([H])[H]",0.2000,"Tipranavir"
"ZINC000012650373","[H]c1c([H])c(S(=O)(=O)N(C([H])([H])C(=O)N([H])C([H])([H])[C@]2([H])OC([H])([H])C([H])([H])C2([H])[H])C([H])([H])C([H])([H])[H])c([H])c([H])c1OC([H])([H])[H]",0.2059,"Darunavir"
"ZINC000013656361","[H]c1c([H])c(C([H])([H])N2C(=O)N([H])[C@](N([H])C(=O)C3([H])C([H])([H])C3([H])[H])(C(F)(F)F)C2=O)c([H])c([H])c1OC([H])([H])[H]",0.2151,"Saquinavir"
"ZINC000014182802","[H]c1c([H])c(C([H])([H])N([H])C(=O)C2([H])C([H])([H])C([H])([H])N(S(=O)(=O)C([H])([H])[H])C([H])([H])C2([H])[H])c([H])c([H])c1C(F)(F)F",0.2069,"Tipranavir"
"ZINC000024712238","[H]c1c([H])c(C(F)(F)F)c([H])c(S(=O)(=O)N2C([H])([H])C([H])([H])C([H])([H])[C@@]2([H])C(=O)N(C([H])([H])[H])C([H])([H])[H])c1[H]",0.2069,"Tipranavir"
"ZINC000032867738","[H]c1c([H])c(S(=O)(=O)N(C([H])([H])C([H])([H])[H])C([H])([H])C([H])([H])[H])c([H])c([H])c1N1C(=O)C([H])([H])[C@@]([H])(C(=O)OC([H])([H])[H])C1([H])[H]",0.2062,"Darunavir"
"ZINC000096025322","[H]c1c([H])c(S(=O)(=O)N2C([H])([H])C([H])([H])[C@]([H])(S(=O)(=O)C([H])([H])[H])C2([H])[H])c([H])c([H])c1C(F)(F)F",0.2125,"Tipranavir"
"ZINC000028202862","[H]c1c([H])c(S(=O)(=O)N(C([H])([H])C([H])([H])[H])C([H])([H])C([H])([H])[H])c([H])c([H])c1C([H])([H])C([H])([H])C(=O)N([H])C([H])([H])C([H])([H])C([H])([H])OC([H])([H])[H]",0.2128,"Darunavir"
"ZINC000019929624","[H]c1c([H])c(S(=O)(=O)N(C([H])([H])C(=O)N([H])C([H])([H])[C@@]2([H])OC([H])([H])C([H])([H])C2([H])[H])C([H])([H])C([H])([H])[H])c([H])c(C([H])([H])[H])c1OC([H])([H])[H]",0.2075,"Darunavir"
"ZINC000019929626","[H]c1c([H])c(S(=O)(=O)N(C([H])([H])C(=O)N([H])C([H])([H])[C@]2([H])OC([H])([H])C([H])([H])C2([H])[H])C([H])([H])C([H])([H])[H])c([H])c(C([H])([H])[H])c1OC([H])([H])[H]",0.2075,"Darunavir"
"ZINC000085467230","[H]O[C@@]([H])(C([H])([H])[H])C([H])([H])N1C([H])([H])C([H])([H])N(S(=O)(=O)c2c([H])c([H])c(C(F)(F)F)c([H])c2[H])C([H])([H])C1([H])[H]",0.2169,"Tipranavir"
"ZINC000085467233","[H]O[C@]([H])(C([H])([H])[H])C([H])([H])N1C([H])([H])C([H])([H])N(S(=O)(=O)c2c([H])c([H])c(C(F)(F)F)c([H])c2[H])C([H])([H])C1([H])[H]",0.2169,"Tipranavir"
"ZINC000408617279","[H]c1c([H])c(S(=O)(=O)N(C([H])([H])C([H])([H])[H])C([H])([H])C([H])([H])[H])c([H])c([H])c1OC([H])([H])C(=O)N([H])C([H])([H])[C@@]1([H])OC([H])([H])C([H])([H])C1([H])[H]",0.2222,"Darunavir"
"ZINC000222662148","[H]c1c([H])c(S(=O)(=O)N(C([H])([H])[H])C([H])([H])[H])c([H])c(C([H])([H])C([H])([H])C(=O)N([H])C([H])([H])[C@]2([H])OC([H])([H])C([H])([H])C2([H])[H])c1OC([H])([H])[H]",0.2000,"Darunavir"
"ZINC000408616933","[H]c1c([H])c(S(=O)(=O)N(C([H])([H])C([H])([H])[H])C([H])([H])C([H])([H])[H])c([H])c([H])c1OC([H])([H])C(=O)N([H])[C@@]([H])(C([H])([H])[H])C([H])([H])OC([H])([H])[H]",0.2062,"Darunavir"
"ZINC000408616931","[H]c1c([H])c(S(=O)(=O)N(C([H])([H])C([H])([H])[H])C([H])([H])C([H])([H])[H])c([H])c([H])c1OC([H])([H])C(=O)N([H])[C@]([H])(C([H])([H])[H])C([H])([H])OC([H])([H])[H]",0.2062,"Darunavir"
"ZINC000408617281","[H]c1c([H])c(S(=O)(=O)N(C([H])([H])C([H])([H])[H])C([H])([H])C([H])([H])[H])c([H])c([H])c1OC([H])([H])C(=O)N([H])C([H])([H])[C@]1([H])OC([H])([H])C([H])([H])C1([H])[H]",0.2222,"Darunavir"
"ZINC000408622905","[H]c1c([H])c(S(=O)(=O)N(C([H])([H])C([H])([H])[H])C([H])([H])C([H])([H])[H])c([H])c([H])c1OC([H])([H])C(=O)N([H])C([H])([H])C([H])([H])C([H])([H])OC([H])([H])[H]",0.2105,"Darunavir"
"ZINC000222662084","[H]c1c([H])c(S(=O)(=O)N(C([H])([H])[H])C([H])([H])[H])c([H])c(C([H])([H])C([H])([H])C(=O)N([H])C([H])([H])[C@@]2([H])OC([H])([H])C([H])([H])C2([H])[H])c1OC([H])([H])[H]",0.2000,"Darunavir"
"ZINC000514288578","[H]c1c([H])c(C(F)(F)F)c([H])c2c1O[C@@]1([H])C([H])([H])N(S(=O)(=O)C([H])([H])[H])C([H])([H])[C@@]1([H])N(C([H])([H])[H])C2=O",0.2000,"Tipranavir"
"ZINC000171382982","[H]c1c([H])c(C(F)(F)F)c([H])c(S(=O)(=O)N2C([H])([H])C([H])([H])[C@@]([H])(C(=O)O)C2([H])[H])c1Cl",0.2000,"Tipranavir"
"ZINC000171382976","[H]c1c([H])c(C(F)(F)F)c([H])c(S(=O)(=O)N2C([H])([H])C([H])([H])[C@]([H])(C(=O)O)C2([H])[H])c1Cl",0.2000,"Tipranavir"
"ZINC000004694543","[H]c1c([H])c([H])c(C([H])([H])C([H])([H])N(C([H])([H])C(=O)N([H])C2([H])C([H])([H])C2([H])[H])S(=O)(=O)c2c([H])c([H])c([H])c([H])c2[H])c([H])c1[H]",0.2088,"Darunavir"
"ZINC000007375556","[H]c1c([H])c(C(F)(F)F)c([H])c(S(=O)(=O)N2C([H])([H])C([H])([H])C([H])(C(=O)N([H])[H])C([H])([H])C2([H])[H])c1Cl",0.2118,"Tipranavir"
"ZINC000006190556","[H]c1c([H])c([H])c(C([H])([H])C([H])([H])N(C([H])([H])C(=O)N([H])C([H])(C([H])([H])[H])C([H])([H])[H])S(=O)(=O)c2c([H])c([H])c([H])c([H])c2[H])c([H])c1[H]",0.2088,"Darunavir"
"ZINC000067338665","[H]c1c([H])c(N([C@@]([H])(C(=O)N2C([H])([H])C([H])([H])C([H])([H])C2([H])[H])C([H])([H])[H])S(=O)(=O)C([H])([H])[H])c([H])c(C(F)(F)F)c1[H]",0.2069,"Tipranavir"
"ZINC000000912417","[H]c1c([H])c([H])c(C([H])([H])N(C([H])([H])C(=O)N([H])C2([H])C([H])([H])C2([H])[H])S(=O)(=O)c2c([H])c([H])c(OC([H])([H])[H])c([H])c2[H])c([H])c1[H]",0.2041,"Darunavir"
"ZINC000207976157","[H]c1oc([H])c(C([H])([H])N(C([H])([H])C([H])([H])OC([H])([H])[H])S(=O)(=O)c2c([H])c([H])c(N([H])C(=O)OC([H])([H])[H])c([H])c2[H])c1[H]",0.2020,"Darunavir"
"ZINC000000798130","[H]c1c([H])c(C(F)(F)F)c([H])c([H])c1N([H])C(=O)C1([H])C([H])([H])C([H])([H])N(S(=O)(=O)C([H])([H])[H])C([H])([H])C1([H])[H]",0.2048,"Tipranavir"
"ZINC000001028337","[H]c1c([H])c(S(=O)(=O)N2C([H])([H])C([H])([H])N(C(=O)OC([H])([H])C([H])([H])[H])C([H])([H])C2([H])[H])c([H])c([H])c1C(F)(F)F",0.2024,"Tipranavir"
"ZINC000003188556","[H]c1oc(C([H])([H])N([H])C(=O)C([H])([H])Oc2c([H])c([H])c(S(=O)(=O)N(C([H])([H])C([H])([H])[H])C([H])([H])C([H])([H])[H])c([H])c2[H])c([H])c1[H]",0.2000,"Darunavir"
"ZINC000067338662","[H]c1c([H])c(N([C@]([H])(C(=O)N2C([H])([H])C([H])([H])C([H])([H])C2([H])[H])C([H])([H])[H])S(=O)(=O)C([H])([H])[H])c([H])c(C(F)(F)F)c1[H]",0.2069,"Tipranavir"
"ZINC000016090462","[H]c1c([H])c(C(F)(F)F)c([H])c(S(=O)(=O)N2C([H])([H])C([H])([H])N(C(=O)C([H])([H])[H])C([H])([H])C2([H])[H])c1Cl",0.2048,"Tipranavir"
"ZINC000244983726","[H]c1nn(C2([H])C([H])([H])C([H])([H])N(S(=O)(=O)c3c([H])c([H])c(C(F)(F)F)c([H])c3[H])C([H])([H])C2([H])[H])nc1[H]",0.2000,"Tipranavir"
"ZINC000408601684","[H]c1c([H])c(S(=O)(=O)N(C([H])([H])C([H])([H])[H])C([H])([H])C([H])([H])[H])c([H])c([H])c1OC([H])([H])C(=O)N([H])C1([H])C([H])([H])C([H])([H])C([H])([H])C1([H])[H]",0.2105,"Darunavir"
"ZINC000408607912","[H]c1c([H])c(S(=O)(=O)N(C([H])([H])C([H])([H])[H])C([H])([H])C([H])([H])[H])c([H])c([H])c1OC([H])([H])C(=O)N([H])[C@@]([H])(C([H])([H])[H])C([H])([H])C([H])([H])C([H])([H])[H]",0.2105,"Darunavir"
"ZINC000408607914","[H]c1c([H])c(S(=O)(=O)N(C([H])([H])C([H])([H])[H])C([H])([H])C([H])([H])[H])c([H])c([H])c1OC([H])([H])C(=O)N([H])[C@]([H])(C([H])([H])[H])C([H])([H])C([H])([H])C([H])([H])[H]",0.2105,"Darunavir"
"ZINC000028207594","[H]c1c([H])c(S(=O)(=O)N(C([H])([H])C([H])([H])[H])C([H])([H])C([H])([H])[H])c([H])c(C([H])([H])[H])c1OC([H])([H])C(=O)N([H])[C@]([H])(C([H])([H])[H])C([H])([H])C([H])([H])[H]",0.2000,"Darunavir"
"ZINC000028208096","[H]c1c([H])c(S(=O)(=O)N(C([H])([H])C([H])([H])[H])C([H])([H])C([H])([H])[H])c([H])c(Cl)c1OC([H])([H])C(=O)N([H])C1([H])C([H])([H])C1([H])[H]",0.2020,"Darunavir"
"ZINC000028207596","[H]c1c([H])c(S(=O)(=O)N(C([H])([H])C([H])([H])[H])C([H])([H])C([H])([H])[H])c([H])c(C([H])([H])[H])c1OC([H])([H])C(=O)N([H])[C@@]([H])(C([H])([H])[H])C([H])([H])C([H])([H])[H]",0.2000,"Darunavir"
"ZINC000013027773","[H]c1c([H])c(C(F)(F)F)c([H])c(S(=O)(=O)N2C([H])([H])C([H])([H])C([H])([H])[C@@]2([H])C(=O)O)c1Cl",0.2143,"Tipranavir"
"ZINC000003369802","[H]c1c([H])c(C(F)(F)F)c([H])c(S(=O)(=O)N2C([H])([H])C([H])([H])C([H])(C(=O)O)C([H])([H])C2([H])[H])c1Cl",0.2048,"Tipranavir"
"ZINC000096098257","[H]c1c([H])c(C(F)(F)F)c([H])c([H])c1N([H])C(=O)N1C([H])([H])C([H])([H])C([H])(S(=O)(=O)C([H])([H])[H])C([H])([H])C1([H])[H]",0.2048,"Tipranavir"
"ZINC000002905973","[H]c1c([H])c([H])c(C([H])([H])N(C([H])([H])C(=O)N([H])[C@]([H])(C([H])([H])[H])C([H])([H])C([H])([H])[H])S(=O)(=O)c2c([H])c([H])c([H])c([H])c2[H])c([H])c1[H]",0.2043,"Darunavir"
"ZINC000096380186","[H]c1c([H])c(C(F)(F)F)c([H])c([H])c1N([H])C(=O)N1C([H])([H])C([H])(S(=O)(=O)C([H])([H])C([H])(C([H])([H])[H])C([H])([H])[H])C1([H])[H]",0.2045,"Tipranavir"
"ZINC000060348751","[H]c1c([H])c(S(=O)(=O)N2C([H])([H])C([H])([H])C([H])([H])C([H])([H])[C@]2([H])C2([H])OC([H])([H])C([H])([H])O2)c([H])c([H])c1C(F)(F)F",0.2073,"Tipranavir"
"ZINC000060348752","[H]c1c([H])c(S(=O)(=O)N2C([H])([H])C([H])([H])C([H])([H])C([H])([H])[C@@]2([H])C2([H])OC([H])([H])C([H])([H])O2)c([H])c([H])c1C(F)(F)F",0.2073,"Tipranavir"
"ZINC000097166177","[H]OC([H])([H])[C@@]1(C([H])([H])[H])N(S(=O)(=O)c2c([H])c(C(F)(F)F)c([H])c([H])c2Cl)C([H])([H])C([H])([H])C1([H])[H]",0.2000,"Tipranavir"
"ZINC000097166176","[H]OC([H])([H])[C@]1(C([H])([H])[H])N(S(=O)(=O)c2c([H])c(C(F)(F)F)c([H])c([H])c2Cl)C([H])([H])C([H])([H])C1([H])[H]",0.2000,"Tipranavir"
"ZINC000009227412","[H]c1c([H])c([H])c(C([H])([H])C([H])([H])[C@]([H])(N([H])C(=O)C([H])([H])N(C([H])([H])C([H])([H])[H])S(=O)(=O)c2c([H])c([H])c([H])c([H])c2[H])C([H])([H])[H])c([H])c1[H]",0.2151,"Darunavir"
"ZINC000002905974","[H]c1c([H])c([H])c(C([H])([H])N(C([H])([H])C(=O)N([H])[C@@]([H])(C([H])([H])[H])C([H])([H])C([H])([H])[H])S(=O)(=O)c2c([H])c([H])c([H])c([H])c2[H])c([H])c1[H]",0.2043,"Darunavir"
"ZINC000009227410","[H]c1c([H])c([H])c(C([H])([H])C([H])([H])[C@@]([H])(N([H])C(=O)C([H])([H])N(C([H])([H])C([H])([H])[H])S(=O)(=O)c2c([H])c([H])c([H])c([H])c2[H])C([H])([H])[H])c([H])c1[H]",0.2151,"Darunavir"
"ZINC000001094429","[H]c1c([H])c([H])c(C([H])([H])C([H])([H])N(C([H])([H])C(=O)N([H])C2([H])C([H])([H])C2([H])[H])S(=O)(=O)c2c([H])c([H])c(C([H])([H])[H])c([H])c2[H])c([H])c1[H]",0.2062,"Darunavir"
"ZINC000001122759","[H]c1c([H])c(C([H])([H])C([H])([H])[H])c([H])c([H])c1OC([H])([H])C(=O)N([H])c1c([H])c([H])c(S(=O)(=O)N(C([H])([H])[H])C([H])([H])[H])c([H])c1[H]",0.2021,"Darunavir"
"ZINC000001166468","[H]c1c([H])c(C([H])([H])N(C([H])([H])C(=O)N([H])C2([H])C([H])([H])C2([H])[H])S(=O)(=O)c2c([H])c([H])c(C([H])([H])[H])c([H])c2[H])c([H])c([H])c1C([H])([H])[H]",0.2021,"Darunavir"
"ZINC000225833854","[H]c1c([H])c(C([H])([H])C([H])([H])S(=O)(=O)N2C([H])([H])C([H])([H])N(C([H])(C([H])([H])[H])C([H])([H])[H])C([H])([H])C2([H])[H])c([H])c([H])c1C(F)(F)F",0.2048,"Tipranavir"
"ZINC000107540100","[H]OC([H])([H])[C@]1([H])N(S(=O)(=O)c2c([H])c(C(F)(F)F)c([H])c([H])c2F)C([H])([H])C([H])([H])C([H])([H])[C@]1([H])C([H])([H])[H]",0.2088,"Tipranavir"
"ZINC000089929849","[H]OC([H])([H])[C@@]1([H])N(S(=O)(=O)c2c([H])c(C(F)(F)F)c([H])c([H])c2F)C([H])([H])C([H])([H])C([H])([H])[C@]1([H])C([H])([H])[H]",0.2088,"Tipranavir"
"ZINC000237435920","[H]c1c([H])c(S(=O)(=O)N2C([H])([H])C([H])([H])[C@@]([H])([N+]([H])([H])[H])C([H])([H])[C@@]2([H])C([H])([H])[H])c(Cl)c([H])c1C(F)(F)F",0.2022,"Tipranavir"
"ZINC000237504753","[H]c1c([H])c(S(=O)(=O)N2C([H])([H])C([H])([H])[C@]([H])([N+]([H])([H])[H])C([H])([H])[C@@]2([H])C([H])([H])[H])c(Cl)c([H])c1C(F)(F)F",0.2022,"Tipranavir"
"ZINC000237536271","[H]c1c([H])c(S(=O)(=O)N2C([H])([H])C([H])([H])[C@]([H])([N+]([H])([H])[H])C([H])([H])[C@]2([H])C([H])([H])[H])c(Cl)c([H])c1C(F)(F)F",0.2022,"Tipranavir"
"ZINC000237634822","[H]c1c([H])c(S(=O)(=O)N2C([H])([H])C([H])([H])[C@@]([H])([N+]([H])([H])[H])C([H])([H])[C@]2([H])C([H])([H])[H])c(Cl)c([H])c1C(F)(F)F",0.2022,"Tipranavir"
"ZINC000408604254","[H]c1c([H])c(S(=O)(=O)N(C([H])([H])C([H])([H])[H])C([H])([H])C([H])([H])[H])c([H])c([H])c1OC([H])([H])C(=O)N([H])C1([H])C([H])([H])C([H])([H])C([H])([H])C([H])([H])C1([H])[H]",0.2083,"Darunavir"
"ZINC000016575272","[H]c1c([H])c([H])c(C([H])([H])C([H])([H])N(C([H])([H])C(=O)N([H])C([H])([H])C([H])(C([H])([H])[H])C([H])([H])[H])S(=O)(=O)c2c([H])c([H])c([H])c([H])c2[H])c([H])c1[H]",0.2043,"Darunavir"
"ZINC000016610263","[H]c1c([H])c([H])c(C([H])([H])C([H])([H])N(C([H])([H])C(=O)N([H])[C@@]([H])(C([H])([H])[H])C([H])([H])C([H])([H])[H])S(=O)(=O)c2c([H])c([H])c([H])c([H])c2[H])c([H])c1[H]",0.2128,"Darunavir"
"ZINC000027462450","[H]c1c([H])c(S(=O)(=O)N(C([H])([H])C([H])([H])[H])C([H])([H])C([H])([H])[H])c([H])c([H])c1C([H])([H])C([H])([H])C(=O)N([H])[C@]([H])(C([H])([H])[H])C([H])([H])C([H])([H])C([H])([H])[H]",0.2128,"Darunavir"
"ZINC000028207365","[H]c1c([H])c(S(=O)(=O)N(C([H])([H])[H])C([H])([H])[H])c([H])c([H])c1OC([H])([H])C(=O)N([H])C1([H])C([H])([H])C([H])([H])C([H])([H])C([H])([H])C([H])([H])C([H])([H])C1([H])[H]",0.2000,"Darunavir"
"ZINC000027462455","[H]c1c([H])c(S(=O)(=O)N(C([H])([H])C([H])([H])[H])C([H])([H])C([H])([H])[H])c([H])c([H])c1C([H])([H])C([H])([H])C(=O)N([H])[C@@]([H])(C([H])([H])[H])C([H])([H])C([H])([H])C([H])([H])[H]",0.2128,"Darunavir"
"ZINC000028207223","[H]c1c([H])c(S(=O)(=O)N(C([H])([H])[H])C([H])([H])[H])c([H])c([H])c1OC([H])([H])C(=O)N([H])c1c([H])c([H])c(C([H])([H])C([H])([H])[H])c([H])c1[H]",0.2021,"Darunavir"
"ZINC000016610261","[H]c1c([H])c([H])c(C([H])([H])C([H])([H])N(C([H])([H])C(=O)N([H])[C@]([H])(C([H])([H])[H])C([H])([H])C([H])([H])[H])S(=O)(=O)c2c([H])c([H])c([H])c([H])c2[H])c([H])c1[H]",0.2128,"Darunavir"
"ZINC000028204648","[H]c1c([H])c(S(=O)(=O)N(C([H])([H])C([H])([H])[H])C([H])([H])C([H])([H])[H])c([H])c([H])c1C([H])([H])C([H])([H])C(=O)N([H])C([H])([H])C([H])([H])C([H])(C([H])([H])[H])C([H])([H])[H]",0.2000,"Darunavir"
"ZINC000028207791","[H]c1c([H])c(S(=O)(=O)N(C([H])([H])C([H])([H])[H])C([H])([H])C([H])([H])[H])c([H])c(C([H])([H])[H])c1OC([H])([H])C(=O)N([H])[C@@]([H])(C([H])([H])[H])C([H])([H])C([H])([H])C([H])([H])[H]",0.2000,"Darunavir"
"ZINC000028207788","[H]c1c([H])c(S(=O)(=O)N(C([H])([H])C([H])([H])[H])C([H])([H])C([H])([H])[H])c([H])c(C([H])([H])[H])c1OC([H])([H])C(=O)N([H])[C@]([H])(C([H])([H])[H])C([H])([H])C([H])([H])C([H])([H])[H]",0.2000,"Darunavir"
"ZINC000084579080","[H]c1c([H])c([H])c2c(c1[H])N(S(=O)(=O)c1c([H])c([H])c(C(F)(F)F)c([H])c1[H])C([H])([H])[C@@]2([H])C(=O)O",0.2073,"Tipranavir"
"ZINC000084579082","[H]c1c([H])c([H])c2c(c1[H])N(S(=O)(=O)c1c([H])c([H])c(C(F)(F)F)c([H])c1[H])C([H])([H])[C@]2([H])C(=O)O",0.2073,"Tipranavir"
"ZINC000053891755","[H]c1c([H])c([H])c(-c2c([H])c([H])c(C(F)(F)F)c([H])c2[H])c(C(=O)N2C([H])([H])C([H])([H])[C@]([H])(C(=O)N([H])[H])C2([H])[H])c1[H]",0.2118,"Tipranavir"
"ZINC000016661481","[H]c1c([H])c(S(=O)(=O)N(C([H])([H])[H])C([H])([H])[H])c([H])c([H])c1C([H])([H])C([H])([H])C(=O)N([H])C1([H])C([H])([H])C([H])([H])C([H])([H])C([H])([H])C([H])([H])C([H])([H])C1([H])[H]",0.2021,"Darunavir"
"ZINC000253427233","[H]c1nc([H])n(C2([H])C([H])([H])C([H])([H])N(S(=O)(=O)c3c([H])c([H])c(C(F)(F)F)c([H])c3[H])C([H])([H])C2([H])[H])c1C([H])([H])[H]",0.2093,"Tipranavir"
"ZINC000053891756","[H]c1c([H])c([H])c(-c2c([H])c([H])c(C(F)(F)F)c([H])c2[H])c(C(=O)N2C([H])([H])C([H])([H])[C@@]([H])(C(=O)N([H])[H])C2([H])[H])c1[H]",0.2118,"Tipranavir"
"ZINC000005512776","[H]c1c([H])c(S(=O)(=O)N(C([H])([H])C([H])([H])[H])C([H])([H])C([H])([H])[H])c([H])c(N([H])C(=O)C([H])([H])C2([H])C([H])([H])C([H])([H])C([H])([H])C2([H])[H])c1OC([H])([H])[H]",0.2000,"Darunavir"
"ZINC000072354602","[H]c1nc(N([H])[H])nc([C@]2([H])N(C(=O)C([H])([H])[H])C([H])([H])C([H])([H])C2([H])[H])c1-c1c([H])c([H])c(C(F)(F)F)c([H])c1[H]",0.2065,"Tipranavir"
"ZINC000006944775","[H]c1c([H])c([H])c(C([H])([H])N(C([H])([H])C(=O)N([H])[C@]([H])(C([H])([H])[H])C([H])([H])C([H])([H])C([H])([H])[H])S(=O)(=O)c2c([H])c([H])c([H])c([H])c2[H])c([H])c1[H]",0.2021,"Darunavir"
"ZINC000006946237","[H]c1c([H])c([H])c(C([H])([H])N(C([H])([H])C(=O)N([H])[C@@]([H])(C([H])([H])[H])C([H])([H])C([H])([H])C([H])([H])[H])S(=O)(=O)c2c([H])c([H])c([H])c([H])c2[H])c([H])c1[H]",0.2021,"Darunavir"
"ZINC000020892835","[H]c1c([H])c(S(=O)(=O)N(C([H])([H])C([H])([H])[H])C([H])([H])C([H])([H])[H])c([H])c([H])c1C([H])([H])C([H])([H])C(=O)N([H])C1([H])C([H])([H])C([H])([H])C([H])([H])C([H])([H])C1([H])[H]",0.2105,"Darunavir"
"ZINC000072354603","[H]c1nc(N([H])[H])nc([C@@]2([H])N(C(=O)C([H])([H])[H])C([H])([H])C([H])([H])C2([H])[H])c1-c1c([H])c([H])c(C(F)(F)F)c([H])c1[H]",0.2065,"Tipranavir"
"ZINC000185955228","[H]c1c([H])c(S(=O)(=O)N2C([H])([H])C([H])([H])C([H])([H])C([H])([H])[C@]2([H])C(=O)C([H])([H])C([H])([H])[H])c(C#N)c([H])c1C(F)(F)F",0.2021,"Tipranavir"
"ZINC000185955206","[H]c1c([H])c(S(=O)(=O)N2C([H])([H])C([H])([H])C([H])([H])C([H])([H])[C@@]2([H])C(=O)C([H])([H])C([H])([H])[H])c(C#N)c([H])c1C(F)(F)F",0.2021,"Tipranavir"
"ZINC000068741251","[H]c1c([H])c(C(F)(F)F)c(S(=O)(=O)N2C([H])([H])C([H])([H])C([H])([H])C([H])([H])C2([H])[H])c([H])c1C(F)(F)F",0.2027,"Tipranavir"
"ZINC000072134729","[H]c1c([H])c(C(F)(F)F)c([H])c([H])c1C(=O)[C@@]1([H])C([H])([H])N(C(=O)C([H])([H])OC([H])(C([H])([H])[H])C([H])([H])[H])C([H])([H])C([H])([H])C1([H])[H]",0.2088,"Tipranavir"
"ZINC000072134728","[H]c1c([H])c(C(F)(F)F)c([H])c([H])c1C(=O)[C@]1([H])C([H])([H])N(C(=O)C([H])([H])OC([H])(C([H])([H])[H])C([H])([H])[H])C([H])([H])C([H])([H])C1([H])[H]",0.2088,"Tipranavir"
"ZINC000077200829","[H]c1c([H])c(C([H])([H])S(=O)(=O)N(C([H])([H])c2c([H])c([H])c([H])n2C([H])([H])[H])C2([H])C([H])([H])C2([H])[H])c([H])c([H])c1C(F)(F)F",0.2045,"Tipranavir"
"ZINC000071924172","[H]c1c([H])c(S(=O)(=O)N2C([H])([H])C([H])(C([H])([H])c3c([H])c([H])c(C(F)(F)F)c([H])c3[H])C2([H])[H])c([H])c([H])c1C([H])([H])[H]",0.2024,"Tipranavir"
"ZINC000001703577","[H]c1c([H])c(S(=O)(=O)N(C([H])([H])C([H])([H])C([H])([H])[H])C([H])([H])C([H])([H])C([H])([H])[H])c([H])c([H])c1N([H])C(=O)OC1([H])C([H])([H])C([H])([H])C([H])([H])C1([H])[H]",0.2105,"Darunavir"
"ZINC000328595935","[H]c1c([H])c([H])c(C([H])(C([H])([H])[H])C([H])([H])[H])c(N([H])S(=O)(=O)c2c([H])c(C(F)(F)F)c([H])c([H])c2O)c1[H]",0.2024,"Tipranavir"
"ZINC000012982509","[H]c1sc2c(c1[H])[C@@]([H])(C([H])([H])[H])N(S(=O)(=O)c1c([H])c([H])c(C(F)(F)F)c([H])c1[H])C([H])([H])C2([H])[H]",0.2118,"Tipranavir"
"ZINC000012982507","[H]c1sc2c(c1[H])[C@]([H])(C([H])([H])[H])N(S(=O)(=O)c1c([H])c([H])c(C(F)(F)F)c([H])c1[H])C([H])([H])C2([H])[H]",0.2118,"Tipranavir"
"ZINC000028654819","[H]c1c([H])c([H])c(-c2c([H])c([H])c(C(F)(F)F)c([H])c2[H])c(C(=O)N2C([H])([H])[C@]([H])(C([H])([H])[H])O[C@@]([H])(C([H])([H])[H])C2([H])[H])c1[H]",0.2048,"Tipranavir"
"ZINC000028654811","[H]c1c([H])c([H])c(-c2c([H])c([H])c(C(F)(F)F)c([H])c2[H])c(C(=O)N2C([H])([H])[C@@]([H])(C([H])([H])[H])O[C@]([H])(C([H])([H])[H])C2([H])[H])c1[H]",0.2048,"Tipranavir"
"ZINC000028654815","[H]c1c([H])c([H])c(-c2c([H])c([H])c(C(F)(F)F)c([H])c2[H])c(C(=O)N2C([H])([H])[C@]([H])(C([H])([H])[H])O[C@]([H])(C([H])([H])[H])C2([H])[H])c1[H]",0.2048,"Tipranavir"
"ZINC000426410422","[H]c1c([H])c(-c2c([H])c([H])c(C(F)(F)F)c([H])c2[H])c([H])c([H])c1C(=O)N1C([H])([H])C([H])([H])C([H])(C#N)C([H])([H])C1([H])[H]",0.2000,"Tipranavir"
"ZINC000045944492","[H]c1c([H])c(S(=O)(=O)N(C([H])([H])C([H])([H])OC([H])([H])[H])C([H])([H])C([H])([H])C(=O)N2C([H])([H])C([H])([H])N([H])C([H])([H])C2([H])[H])c([H])c([H])c1C([H])([H])C([H])([H])[H]",0.2000,"Darunavir"
"ZINC000045974621","[H]c1c([H])c(S(=O)(=O)N(C([H])([H])C(=O)N2C([H])([H])C([H])([H])N([H])C([H])([H])C2([H])[H])C([H])([H])C([H])([H])C([H])([H])OC([H])([H])[H])c([H])c([H])c1C([H])([H])C([H])([H])[H]",0.2100,"Darunavir"
"ZINC000012622968","[H]c1c([H])c(S(=O)(=O)N2C([H])([H])C([H])([H])N([H])C(=O)[C@]2([H])C([H])([H])C(=O)OC([H])([H])[H])c([H])c([H])c1C(F)(F)F",0.2135,"Tipranavir"
"ZINC000012622971","[H]c1c([H])c(S(=O)(=O)N2C([H])([H])C([H])([H])N([H])C(=O)[C@@]2([H])C([H])([H])C(=O)OC([H])([H])[H])c([H])c([H])c1C(F)(F)F",0.2135,"Tipranavir"
"ZINC000045944492","[H]c1c([H])c(S(=O)(=O)N(C([H])([H])C([H])([H])OC([H])([H])[H])C([H])([H])C([H])([H])C(=O)N2C([H])([H])C([H])([H])[N+]([H])([H])C([H])([H])C2([H])[H])c([H])c([H])c1C([H])([H])C([H])([H])[H]",0.2000,"Darunavir"
"ZINC000045974621","[H]c1c([H])c(S(=O)(=O)N(C([H])([H])C(=O)N2C([H])([H])C([H])([H])[N+]([H])([H])C([H])([H])C2([H])[H])C([H])([H])C([H])([H])C([H])([H])OC([H])([H])[H])c([H])c([H])c1C([H])([H])C([H])([H])[H]",0.2100,"Darunavir"
"ZINC000022228229","[H]c1c([H])c(S(=O)(=O)N(C([H])([H])C([H])([H])[H])C([H])([H])C([H])([H])[H])c([H])c([H])c1C([H])([H])C([H])([H])N([H])C(=O)C(=O)N([H])C([H])([H])C([H])([H])C([H])([H])OC([H])([H])[H]",0.2021,"Darunavir"
"ZINC000222757353","[H]c1c([H])c(S(=O)(=O)N(C([H])([H])[H])C([H])([H])[H])c([H])c([H])c1OC([H])([H])C(=O)N([H])c1c([H])c([H])c(C([H])([H])C(=O)N([H])[H])c([H])c1[H]",0.2062,"Darunavir"
"ZINC000032753235","[H]c1c([H])c(S(=O)(=O)N2C([H])([H])C([H])([H])N(C(=O)C([H])([H])N(C([H])([H])[H])C([H])([H])[H])C([H])([H])C2([H])[H])c([H])c([H])c1C(F)(F)F",0.2024,"Tipranavir"
"ZINC000045944822","[H]c1c([H])c(S(=O)(=O)N(C([H])([H])C([H])([H])C(=O)N2C([H])([H])C([H])([H])N([H])C([H])([H])C2([H])[H])C([H])([H])C([H])([H])C([H])([H])OC([H])([H])[H])c([H])c([H])c1C([H])([H])C([H])([H])[H]",0.2079,"Darunavir"
"ZINC000065363829","[H]c1c([H])c(N([C@]([H])(C(=O)N2C([H])([H])C([H])([H])OC([H])([H])C2([H])[H])C([H])([H])[H])S(=O)(=O)C([H])([H])[H])c([H])c(C(F)(F)F)c1[H]",0.2000,"Tipranavir"
"ZINC000065363929","[H]c1c([H])c(N([C@]([H])(C(=O)N2C([H])([H])C([H])([H])N(C([H])([H])[H])C([H])([H])C2([H])[H])C([H])([H])[H])S(=O)(=O)C([H])([H])[H])c([H])c(C(F)(F)F)c1[H]",0.2000,"Tipranavir"
"ZINC000012785195","[H]c1c([H])c(S(=O)(=O)N2C([H])([H])C([H])([H])N(C(=O)N([H])C3([H])C([H])([H])C3([H])[H])C([H])([H])C2([H])[H])c([H])c([H])c1C(F)(F)F",0.2048,"Tipranavir"
"ZINC000011689688","[H]c1c([H])c([H])c(C([H])([H])C([H])([H])N(C([H])([H])C(=O)N([H])C([H])([H])[H])S(=O)(=O)c2c([H])c([H])c3c(c2[H])OC([H])([H])C([H])([H])O3)c([H])c1[H]",0.2020,"Darunavir"
"ZINC000004938271","[H]c1c([H])c(S(=O)(=O)N(C([H])([H])C(=O)N([H])C([H])([H])[C@@]2([H])OC([H])([H])C([H])([H])C2([H])[H])C([H])([H])C([H])([H])[H])c([H])c(C([H])([H])[H])c1OC([H])([H])C([H])([H])[H]",0.2037,"Darunavir"
"ZINC000004938276","[H]c1c([H])c(S(=O)(=O)N(C([H])([H])C(=O)N([H])C([H])([H])[C@]2([H])OC([H])([H])C([H])([H])C2([H])[H])C([H])([H])C([H])([H])[H])c([H])c(C([H])([H])[H])c1OC([H])([H])C([H])([H])[H]",0.2037,"Darunavir"
"ZINC000004694954","[H]c1c([H])c([H])c(C([H])([H])C([H])([H])N(C([H])([H])C(=O)N([H])C([H])([H])C([H])([H])OC([H])([H])[H])S(=O)(=O)c2c([H])c([H])c([H])c([H])c2[H])c([H])c1[H]",0.2043,"Darunavir"
"ZINC000065363830","[H]c1c([H])c(N([C@@]([H])(C(=O)N2C([H])([H])C([H])([H])OC([H])([H])C2([H])[H])C([H])([H])[H])S(=O)(=O)C([H])([H])[H])c([H])c(C(F)(F)F)c1[H]",0.2000,"Tipranavir"
"ZINC000065363930","[H]c1c([H])c(N([C@@]([H])(C(=O)N2C([H])([H])C([H])([H])N(C([H])([H])[H])C([H])([H])C2([H])[H])C([H])([H])[H])S(=O)(=O)C([H])([H])[H])c([H])c(C(F)(F)F)c1[H]",0.2000,"Tipranavir"
"ZINC000630095943","[H]O[C@@]1([H])C([H])([H])N(S(=O)(=O)c2c(-c3c([H])c([H])c([H])c(C(F)(F)F)c3[H])nsc2[H])C([H])([H])[C@@]1([H])O[H]",0.2045,"Tipranavir"
"ZINC000032753235","[H]c1c([H])c(S(=O)(=O)N2C([H])([H])C([H])([H])N(C(=O)C([H])([H])[N+]([H])(C([H])([H])[H])C([H])([H])[H])C([H])([H])C2([H])[H])c([H])c([H])c1C(F)(F)F",0.2000,"Tipranavir"
"ZINC000045944822","[H]c1c([H])c(S(=O)(=O)N(C([H])([H])C([H])([H])C(=O)N2C([H])([H])C([H])([H])[N+]([H])([H])C([H])([H])C2([H])[H])C([H])([H])C([H])([H])C([H])([H])OC([H])([H])[H])c([H])c([H])c1C([H])([H])C([H])([H])[H]",0.2079,"Darunavir"
"ZINC000019930088","[H]c1c([H])c(S(=O)(=O)N(C([H])([H])C(=O)N([H])C([H])([H])[C@]2([H])OC([H])([H])C([H])([H])C2([H])[H])C([H])([H])C([H])([H])[H])c([H])c(Cl)c1OC([H])([H])[H]",0.2056,"Darunavir"
"ZINC000027773341","[H]c1c([H])c(S(=O)(=O)N(C([H])([H])C([H])([H])[H])C([H])([H])C([H])([H])[H])c([H])c([H])c1C([H])([H])C([H])([H])C(=O)N([H])C([H])([H])C([H])([H])N1C([H])([H])C([H])([H])OC([H])([H])C1([H])[H]",0.2000,"Darunavir"
"ZINC000028207633","[H]c1c([H])c(S(=O)(=O)N(C([H])([H])C([H])([H])[H])C([H])([H])C([H])([H])[H])c([H])c(C([H])([H])[H])c1OC([H])([H])C(=O)N([H])C([H])([H])[C@@]1([H])OC([H])([H])C([H])([H])C1([H])[H]",0.2095,"Darunavir"
"ZINC000028207635","[H]c1c([H])c(S(=O)(=O)N(C([H])([H])C([H])([H])[H])C([H])([H])C([H])([H])[H])c([H])c(C([H])([H])[H])c1OC([H])([H])C(=O)N([H])C([H])([H])[C@]1([H])OC([H])([H])C([H])([H])C1([H])[H]",0.2095,"Darunavir"
"ZINC000019930086","[H]c1c([H])c(S(=O)(=O)N(C([H])([H])C(=O)N([H])C([H])([H])[C@@]2([H])OC([H])([H])C([H])([H])C2([H])[H])C([H])([H])C([H])([H])[H])c([H])c(Cl)c1OC([H])([H])[H]",0.2056,"Darunavir"
"ZINC000222882065","[H]c1c([H])c(C([H])([H])C(=O)N([H])[H])c([H])c([H])c1N([H])C(=O)C([H])([H])C([H])([H])c1c([H])c([H])c(S(=O)(=O)N(C([H])([H])[H])C([H])([H])[H])c([H])c1[H]",0.2000,"Darunavir"
"ZINC000028207877","[H]c1c([H])c(S(=O)(=O)N(C([H])([H])[H])C([H])([H])[H])c([H])c(Cl)c1OC([H])([H])C(=O)N([H])C([H])([H])[C@]1([H])OC([H])([H])C([H])([H])C1([H])[H]",0.2019,"Darunavir"
"ZINC000028207874","[H]c1c([H])c(S(=O)(=O)N(C([H])([H])[H])C([H])([H])[H])c([H])c(Cl)c1OC([H])([H])C(=O)N([H])C([H])([H])[C@@]1([H])OC([H])([H])C([H])([H])C1([H])[H]",0.2019,"Darunavir"
"ZINC000007794231","[H]c1c([H])c(S(=O)(=O)N2C([H])([H])C([H])([H])N(C(=O)C3([H])C([H])([H])C([H])([H])C3([H])[H])C([H])([H])C2([H])[H])c([H])c([H])c1C(F)(F)F",0.2099,"Tipranavir"
"ZINC000009419410","[H]c1c([H])c([H])c(C([H])([H])N2C(=O)N([H])[C@](N([H])C(=O)C3([H])C([H])([H])C3([H])[H])(C(F)(F)F)C2=O)c(Cl)c1[H]",0.2111,"Saquinavir"
"ZINC000009419409","[H]c1c([H])c([H])c(C([H])([H])N2C(=O)N([H])[C@@](N([H])C(=O)C3([H])C([H])([H])C3([H])[H])(C(F)(F)F)C2=O)c(Cl)c1[H]",0.2111,"Saquinavir"
"ZINC000048363052","[H]c1c(C([H])([H])N([H])C(=O)C([H])([H])C([H])([H])c2c([H])c([H])c(S(=O)(=O)N(C([H])([H])C([H])([H])[H])C([H])([H])C([H])([H])[H])c([H])c2[H])noc1C([H])([H])[H]",0.2121,"Darunavir"
"ZINC000011717562","[H]c1c([H])c(C(F)(F)F)c([H])c([H])c1N([H])C(=O)[C@@]([H])(N1C([H])([H])C([H])([H])C([H])(N([H])S(=O)(=O)C([H])([H])[H])C([H])([H])C1([H])[H])C([H])([H])[H]",0.2000,"Tipranavir"
"ZINC000001050577","[H]c1c([H])c([H])c(C([H])([H])N(C([H])([H])C(=O)N([H])C2([H])C([H])([H])C2([H])[H])S(=O)(=O)c2c([H])c([H])c(OC([H])([H])[H])c(C([H])([H])[H])c2[H])c([H])c1[H]",0.2059,"Darunavir"
"ZINC000002810325","[H]c1c([H])c([H])c(S(=O)(=O)N(C([H])([H])C(=O)N([H])C([H])([H])C([H])([H])C([H])([H])OC([H])([H])[H])C([H])([H])c2c([H])c([H])c(C([H])([H])[H])c([H])c2[H])c([H])c1[H]",0.2041,"Darunavir"
"ZINC000002966810","[H]c1c([H])c([H])c(C([H])([H])C([H])([H])N(C([H])([H])C(=O)N([H])C([H])([H])C([H])([H])C([H])([H])OC([H])([H])[H])S(=O)(=O)c2c([H])c([H])c([H])c([H])c2[H])c([H])c1[H]",0.2128,"Darunavir"
"ZINC000003004194","[H]c1c([H])c(C([H])([H])N(C([H])([H])C(=O)N([H])C([H])([H])C([H])([H])OC([H])([H])[H])S(=O)(=O)c2c([H])c([H])c(C([H])([H])[H])c([H])c2[H])c([H])c([H])c1C([H])([H])[H]",0.2000,"Darunavir"
"ZINC000575607637","[H]c1c([H])c(S(=O)(=O)N2C([H])([H])C([H])(N3C([H])([H])C([H])([H])C([H])(OC([H])([H])[H])C([H])([H])C3([H])[H])C2([H])[H])c([H])c([H])c1C(F)(F)F",0.2000,"Tipranavir"
"ZINC000077523565","[H]c1c([H])c(S(=O)(=O)N2C([H])([H])[C@@]([H])(C([H])(C([H])([H])[H])C([H])([H])[H])[C@]([H])(N([H])C(=O)C([H])([H])[H])C2([H])[H])c([H])c([H])c1C(F)(F)F",0.2273,"Tipranavir"
"ZINC000002662332","[H]c1c([H])c([H])c(C([H])([H])N(C([H])([H])C(=O)N([H])C([H])([H])[C@]2([H])OC([H])([H])C([H])([H])C2([H])[H])S(=O)(=O)c2c([H])c([H])c([H])c([H])c2[H])c([H])c1[H]",0.2083,"Darunavir"
"ZINC000002726068","[H]c1c([H])c([H])c(C([H])([H])N([H])C(=O)C([H])([H])N(C([H])([H])C([H])([H])C([H])([H])OC([H])([H])[H])S(=O)(=O)c2c([H])c([H])c(C([H])([H])[H])c([H])c2[H])c([H])c1[H]",0.2041,"Darunavir"
"ZINC000408621049","[H]c1c([H])c([H])c(S(=O)(=O)N(C([H])([H])C(=O)N([H])[C@@]([H])(C([H])([H])[H])C([H])([H])OC([H])([H])[H])C([H])([H])c2c([H])c([H])c(C([H])([H])[H])c([H])c2[H])c([H])c1[H]",0.2000,"Darunavir"
"ZINC000408621053","[H]c1c([H])c([H])c(S(=O)(=O)N(C([H])([H])C(=O)N([H])[C@]([H])(C([H])([H])[H])C([H])([H])OC([H])([H])[H])C([H])([H])c2c([H])c([H])c(C([H])([H])[H])c([H])c2[H])c([H])c1[H]",0.2000,"Darunavir"
"ZINC000408780524","[H]c1c([H])c([H])c(C([H])([H])N(C([H])([H])C(=O)N([H])C([H])([H])C([H])([H])C([H])([H])OC([H])([H])[H])S(=O)(=O)c2c([H])c([H])c(C([H])([H])[H])c([H])c2[H])c([H])c1[H]",0.2041,"Darunavir"
"ZINC000409068262","[H]c1c([H])c([H])c(S(=O)(=O)N(C([H])([H])C(=O)N([H])C([H])([H])C([H])([H])C([H])([H])OC([H])([H])[H])C([H])([H])c2c([H])c([H])c(F)c([H])c2[H])c([H])c1[H]",0.2041,"Darunavir"
"ZINC000408600762","[H]c1c([H])c([H])c(C([H])([H])C([H])([H])N([H])C(=O)C([H])([H])Oc2c([H])c([H])c(S(=O)(=O)N(C([H])([H])C([H])([H])[H])C([H])([H])C([H])([H])[H])c([H])c2[H])c([H])c1[H]",0.2021,"Darunavir"
"ZINC000022227067","[H]c1c([H])c([H])c(OC([H])([H])C(=O)N([H])C([H])([H])C([H])([H])c2c([H])c([H])c(S(=O)(=O)N(C([H])([H])C([H])([H])[H])C([H])([H])C([H])([H])[H])c([H])c2[H])c([H])c1[H]",0.2021,"Darunavir"
"ZINC000016576553","[H]c1c([H])c([H])c(C([H])([H])C([H])([H])N(C([H])([H])C(=O)N([H])[C@@]([H])(C([H])([H])[H])C([H])([H])OC([H])([H])[H])S(=O)(=O)c2c([H])c([H])c([H])c([H])c2[H])c([H])c1[H]",0.2083,"Darunavir"
"ZINC000016576550","[H]c1c([H])c([H])c(C([H])([H])C([H])([H])N(C([H])([H])C(=O)N([H])[C@]([H])(C([H])([H])[H])C([H])([H])OC([H])([H])[H])S(=O)(=O)c2c([H])c([H])c([H])c([H])c2[H])c([H])c1[H]",0.2083,"Darunavir"
"ZINC000016576559","[H]c1c([H])c([H])c(C([H])([H])N(C([H])([H])C(=O)N([H])[C@@]([H])(C([H])([H])[H])C([H])([H])OC([H])([H])[H])S(=O)(=O)c2c([H])c([H])c([H])c([H])c2[H])c([H])c1[H]",0.2105,"Darunavir"
"ZINC000408617619","[H]c1c([H])c([H])c(C([H])([H])N(C([H])([H])C(=O)N([H])[C@@]([H])(C([H])([H])[H])C([H])([H])OC([H])([H])[H])S(=O)(=O)c2c([H])c([H])c(C([H])([H])[H])c([H])c2[H])c([H])c1[H]",0.2000,"Darunavir"
"ZINC000408617621","[H]c1c([H])c([H])c(C([H])([H])N(C([H])([H])C(=O)N([H])[C@]([H])(C([H])([H])[H])C([H])([H])OC([H])([H])[H])S(=O)(=O)c2c([H])c([H])c(C([H])([H])[H])c([H])c2[H])c([H])c1[H]",0.2000,"Darunavir"
"ZINC000408624923","[H]c1c([H])c([H])c(S(=O)(=O)N(C([H])([H])C(=O)N([H])[C@]([H])(C([H])([H])[H])C([H])([H])OC([H])([H])[H])C([H])([H])c2c([H])c([H])c(F)c([H])c2[H])c([H])c1[H]",0.2000,"Darunavir"
"ZINC000408624921","[H]c1c([H])c([H])c(S(=O)(=O)N(C([H])([H])C(=O)N([H])[C@@]([H])(C([H])([H])[H])C([H])([H])OC([H])([H])[H])C([H])([H])c2c([H])c([H])c(F)c([H])c2[H])c([H])c1[H]",0.2000,"Darunavir"
"ZINC000408626149","[H]c1c([H])c([H])c(C([H])([H])N(C([H])([H])C(=O)N([H])[C@]([H])(C([H])([H])[H])C([H])([H])OC([H])([H])[H])S(=O)(=O)c2c([H])c([H])c(F)c([H])c2[H])c([H])c1[H]",0.2000,"Darunavir"
"ZINC000408626148","[H]c1c([H])c([H])c(C([H])([H])N(C([H])([H])C(=O)N([H])[C@@]([H])(C([H])([H])[H])C([H])([H])OC([H])([H])[H])S(=O)(=O)c2c([H])c([H])c(F)c([H])c2[H])c([H])c1[H]",0.2000,"Darunavir"
"ZINC000028207362","[H]c1c([H])c([H])c(C([H])([H])C([H])([H])[C@]([H])(N([H])C(=O)C([H])([H])Oc2c([H])c([H])c(S(=O)(=O)N(C([H])([H])[H])C([H])([H])[H])c([H])c2[H])C([H])([H])[H])c([H])c1[H]",0.2083,"Darunavir"
"ZINC000028207359","[H]c1c([H])c([H])c(C([H])([H])C([H])([H])[C@@]([H])(N([H])C(=O)C([H])([H])Oc2c([H])c([H])c(S(=O)(=O)N(C([H])([H])[H])C([H])([H])[H])c([H])c2[H])C([H])([H])[H])c([H])c1[H]",0.2083,"Darunavir"
"ZINC000016576556","[H]c1c([H])c([H])c(C([H])([H])N(C([H])([H])C(=O)N([H])[C@]([H])(C([H])([H])[H])C([H])([H])OC([H])([H])[H])S(=O)(=O)c2c([H])c([H])c([H])c([H])c2[H])c([H])c1[H]",0.2105,"Darunavir"
"ZINC000090608971","[H]c1c([H])c(S(=O)(=O)N2C([H])([H])C([H])([H])C([H])([H])SC([H])([H])[C@@]2([H])C([H])([H])N(C([H])([H])[H])C([H])([H])[H])c([H])c([H])c1C(F)(F)F",0.2022,"Tipranavir"
"ZINC000090608972","[H]c1c([H])c(S(=O)(=O)N2C([H])([H])C([H])([H])C([H])([H])SC([H])([H])[C@]2([H])C([H])([H])N(C([H])([H])[H])C([H])([H])[H])c([H])c([H])c1C(F)(F)F",0.2022,"Tipranavir"
"ZINC000022874474","[H]c1c([H])c([H])c(C([H])([H])N(C([H])([H])C(=O)NOC([H])([H])C([H])([H])[H])S(=O)(=O)c2c([H])c([H])c(Cl)c([H])c2[H])c([H])c1[H]",0.2021,"Darunavir"
"ZINC000012778298","[H]c1c([H])c([H])c2c(c1[H])C([H])([H])N(S(=O)(=O)c1c([H])c([H])c([H])c(C(F)(F)F)c1[H])[C@@]([H])(C(=O)N([H])C([H])([H])[H])C2([H])[H]",0.2000,"Tipranavir"
"ZINC000012778292","[H]c1c([H])c([H])c2c(c1[H])C([H])([H])N(S(=O)(=O)c1c([H])c([H])c([H])c(C(F)(F)F)c1[H])[C@]([H])(C(=O)N([H])C([H])([H])[H])C2([H])[H]",0.2000,"Tipranavir"
"ZINC000013098002","[H]c1c([H])c(C(F)(F)F)c([H])c(S(=O)(=O)N2C([H])([H])C([H])([H])C([H])(C(=O)N(C([H])([H])[H])C([H])([H])[H])C([H])([H])C2([H])[H])c1Cl",0.2045,"Tipranavir"
"ZINC000096122006","[H]c1c([H])c(C([H])([H])C([H])([H])C(=O)N2C([H])([H])C([H])(S(=O)(=O)C([H])([H])C([H])(C([H])([H])[H])C([H])([H])[H])C2([H])[H])c([H])c([H])c1C(F)(F)F",0.2045,"Tipranavir"
"ZINC000024712255","[H]c1c([H])c(C(F)(F)F)c([H])c(S(=O)(=O)N2C([H])([H])C([H])([H])C([H])([H])[C@@]2([H])C(=O)N(C([H])([H])[H])C([H])([H])[H])c1Cl",0.2135,"Tipranavir"
"ZINC000058168665","[H]c1c([H])c(C(=O)N([H])[C@]([H])(C([H])([H])[H])C([H])([H])C([H])([H])[C@]2([H])OC([H])([H])C([H])([H])C2([H])[H])c([H])c(S(=O)(=O)N(C([H])([H])C([H])([H])[H])C([H])([H])C([H])([H])[H])c1[H]",0.2019,"Darunavir"
"ZINC000065364733","[H]c1c([H])c(N([C@]([H])(C(=O)N2C([H])([H])C([H])([H])C([H])([H])C([H])([H])C2([H])[H])C([H])([H])[H])S(=O)(=O)C([H])([H])[H])c([H])c(C(F)(F)F)c1[H]",0.2045,"Tipranavir"
"ZINC000024712259","[H]c1c([H])c(C(F)(F)F)c([H])c(S(=O)(=O)N2C([H])([H])C([H])([H])C([H])([H])[C@]2([H])C(=O)N(C([H])([H])[H])C([H])([H])[H])c1Cl",0.2135,"Tipranavir"
"ZINC000055107700","[H]c1c([H])c(N2C([H])([H])C([H])([H])N(C(=O)[C@@]([H])(C([H])([H])[H])S(=O)(=O)C([H])([H])C([H])([H])C([H])([H])[H])C([H])([H])C2([H])[H])c([H])c(C(F)(F)F)c1[H]",0.2111,"Tipranavir"
"ZINC000003623097","[H]c1c([H])c([H])c(C([H])([H])C([H])([H])N2C(=O)N([H])[C@@](N([H])C(=O)C3([H])C([H])([H])C([H])([H])C([H])([H])C([H])([H])C3([H])[H])(C(F)(F)F)C2=O)c([H])c1[H]",0.2065,"Saquinavir"
"ZINC000003623094","[H]c1c([H])c([H])c(C([H])([H])C([H])([H])N2C(=O)N([H])[C@](N([H])C(=O)C3([H])C([H])([H])C([H])([H])C([H])([H])C([H])([H])C3([H])[H])(C(F)(F)F)C2=O)c([H])c1[H]",0.2065,"Saquinavir"
"ZINC000020069904","[H]c1c([H])c([H])c(C([H])([H])N2C(=O)N([H])[C@](N([H])C(=O)C3([H])C([H])([H])C([H])([H])C([H])([H])C([H])([H])C3([H])[H])(C(F)(F)F)C2=O)c([H])c1[H]",0.2111,"Saquinavir"
"ZINC000008167302","[H]C(C(=O)N1C([H])([H])C([H])([H])N(S(=O)(=O)c2c([H])c([H])c(C(F)(F)F)c([H])c2[H])C([H])([H])C1([H])[H])=C(C([H])([H])[H])C([H])([H])[H]",0.2195,"Tipranavir"
"ZINC000155263958","[H]O[C@]1([H])C([H])([H])N(S(=O)(=O)N2C([H])([H])C([H])([H])C([H])([H])C([H])([H])C([H])([H])C2([H])[H])[C@]([H])(c2c([H])c([H])c(C(F)(F)F)c([H])c2[H])C1([H])[H]",0.2000,"Tipranavir"
"ZINC000002960121","[H]c1c([H])c([H])c(C([H])([H])N(C([H])([H])C(=O)N([H])[C@]([H])(C([H])([H])[H])C([H])([H])C([H])([H])[H])S(=O)(=O)c2c([H])c([H])c(OC([H])([H])[H])c([H])c2[H])c([H])c1[H]",0.2000,"Darunavir"
"ZINC000155264071","[H]O[C@]1([H])C([H])([H])N(S(=O)(=O)N2C([H])([H])C([H])([H])C([H])([H])C([H])([H])C([H])([H])C2([H])[H])[C@@]([H])(c2c([H])c([H])c(C(F)(F)F)c([H])c2[H])C1([H])[H]",0.2000,"Tipranavir"
"ZINC000155264192","[H]O[C@@]1([H])C([H])([H])N(S(=O)(=O)N2C([H])([H])C([H])([H])C([H])([H])C([H])([H])C([H])([H])C2([H])[H])[C@]([H])(c2c([H])c([H])c(C(F)(F)F)c([H])c2[H])C1([H])[H]",0.2000,"Tipranavir"
"ZINC000020069905","[H]c1c([H])c([H])c(C([H])([H])N2C(=O)N([H])[C@@](N([H])C(=O)C3([H])C([H])([H])C([H])([H])C([H])([H])C([H])([H])C3([H])[H])(C(F)(F)F)C2=O)c([H])c1[H]",0.2111,"Saquinavir"
"ZINC000058168661","[H]c1c([H])c(C(=O)N([H])[C@@]([H])(C([H])([H])[H])C([H])([H])C([H])([H])[C@@]2([H])OC([H])([H])C([H])([H])C2([H])[H])c([H])c(S(=O)(=O)N(C([H])([H])C([H])([H])[H])C([H])([H])C([H])([H])[H])c1[H]",0.2019,"Darunavir"
"ZINC000058168662","[H]c1c([H])c(C(=O)N([H])[C@]([H])(C([H])([H])[H])C([H])([H])C([H])([H])[C@@]2([H])OC([H])([H])C([H])([H])C2([H])[H])c([H])c(S(=O)(=O)N(C([H])([H])C([H])([H])[H])C([H])([H])C([H])([H])[H])c1[H]",0.2019,"Darunavir"
"ZINC000058168664","[H]c1c([H])c(C(=O)N([H])[C@@]([H])(C([H])([H])[H])C([H])([H])C([H])([H])[C@]2([H])OC([H])([H])C([H])([H])C2([H])[H])c([H])c(S(=O)(=O)N(C([H])([H])C([H])([H])[H])C([H])([H])C([H])([H])[H])c1[H]",0.2019,"Darunavir"
"ZINC000065364734","[H]c1c([H])c(N([C@@]([H])(C(=O)N2C([H])([H])C([H])([H])C([H])([H])C([H])([H])C2([H])[H])C([H])([H])[H])S(=O)(=O)C([H])([H])[H])c([H])c(C(F)(F)F)c1[H]",0.2045,"Tipranavir"
"ZINC000155264304","[H]O[C@@]1([H])C([H])([H])N(S(=O)(=O)N2C([H])([H])C([H])([H])C([H])([H])C([H])([H])C([H])([H])C2([H])[H])[C@@]([H])(c2c([H])c([H])c(C(F)(F)F)c([H])c2[H])C1([H])[H]",0.2000,"Tipranavir"
"ZINC000071415933","[H]c1c([H])c(C(F)(F)F)c(S(=O)(=O)N2C([H])([H])C([H])([H])N(C([H])([H])[H])C([H])([H])C2([H])[H])c([H])c1C(F)(F)F",0.2051,"Tipranavir"
"ZINC000047267020","[H]c1c([H])c([H])c([C@@]2([H])N(S(=O)(=O)c3c([H])c([H])c(C(F)(F)F)c([H])c3[H])C([H])([H])C([H])([H])N([H])C(=O)C2([H])[H])c([H])c1[H]",0.2000,"Tipranavir"
"ZINC000047267022","[H]c1c([H])c([H])c([C@]2([H])N(S(=O)(=O)c3c([H])c([H])c(C(F)(F)F)c([H])c3[H])C([H])([H])C([H])([H])N([H])C(=O)C2([H])[H])c([H])c1[H]",0.2000,"Tipranavir"
"ZINC000002960123","[H]c1c([H])c([H])c(C([H])([H])N(C([H])([H])C(=O)N([H])[C@@]([H])(C([H])([H])[H])C([H])([H])C([H])([H])[H])S(=O)(=O)c2c([H])c([H])c(OC([H])([H])[H])c([H])c2[H])c([H])c1[H]",0.2000,"Darunavir"
"ZINC000090608971","[H]c1c([H])c(S(=O)(=O)N2C([H])([H])C([H])([H])C([H])([H])SC([H])([H])[C@@]2([H])C([H])([H])[N+]([H])(C([H])([H])[H])C([H])([H])[H])c([H])c([H])c1C(F)(F)F",0.2000,"Tipranavir"
"ZINC000090608972","[H]c1c([H])c(S(=O)(=O)N2C([H])([H])C([H])([H])C([H])([H])SC([H])([H])[C@]2([H])C([H])([H])[N+]([H])(C([H])([H])[H])C([H])([H])[H])c([H])c([H])c1C(F)(F)F",0.2000,"Tipranavir"
"ZINC000028208086","[H]c1c([H])c(S(=O)(=O)N(C([H])([H])C([H])([H])[H])C([H])([H])C([H])([H])[H])c([H])c(Cl)c1OC([H])([H])C(=O)N([H])[C@]([H])(C([H])([H])[H])C([H])([H])C([H])([H])[H]",0.2000,"Darunavir"
"ZINC000028208088","[H]c1c([H])c(S(=O)(=O)N(C([H])([H])C([H])([H])[H])C([H])([H])C([H])([H])[H])c([H])c(Cl)c1OC([H])([H])C(=O)N([H])[C@@]([H])(C([H])([H])[H])C([H])([H])C([H])([H])[H]",0.2000,"Darunavir"
"ZINC000408607068","[H]c1c([H])c(S(=O)(=O)N(C([H])([H])C([H])([H])[H])C([H])([H])C([H])([H])[H])c([H])c([H])c1OC([H])([H])C(=O)N([H])C1([H])C([H])([H])C([H])([H])C([H])([H])C([H])([H])C([H])([H])C1([H])[H]",0.2083,"Darunavir"
"ZINC000408627058","[H]c1c([H])c([H])c(N([H])C(=O)C([H])([H])Oc2c([H])c([H])c(S(=O)(=O)N(C([H])([H])C([H])([H])[H])C([H])([H])C([H])([H])[H])c([H])c2[H])c(F)c1[H]",0.2000,"Darunavir"
"ZINC000022227157","[H]c1sc(C([H])([H])C(=O)N([H])C([H])([H])C([H])([H])c2c([H])c([H])c(S(=O)(=O)N(C([H])([H])C([H])([H])[H])C([H])([H])C([H])([H])[H])c([H])c2[H])c([H])c1[H]",0.2000,"Darunavir"
"ZINC000408636477","[H]c1c([H])c([H])c(C([H])([H])N(C([H])([H])C(=O)N([H])C2([H])C([H])([H])C2([H])[H])S(=O)(=O)c2c([H])c([H])c(OC([H])([H])C([H])([H])[H])c([H])c2[H])c([H])c1[H]",0.2020,"Darunavir"
"ZINC000039985921","[H]c1c([H])c([H])c(C([H])([H])C([H])([H])[C@@]([H])(N([H])C(=O)C([H])([H])N(C([H])([H])C([H])([H])[H])S(=O)(=O)c2c([H])c([H])c(F)c([H])c2[H])C([H])([H])[H])c([H])c1[H]",0.2041,"Darunavir"
"ZINC000039985922","[H]c1c([H])c([H])c(C([H])([H])C([H])([H])[C@]([H])(N([H])C(=O)C([H])([H])N(C([H])([H])C([H])([H])[H])S(=O)(=O)c2c([H])c([H])c(F)c([H])c2[H])C([H])([H])[H])c([H])c1[H]",0.2041,"Darunavir"
"ZINC000016479104","[H]c1c([H])c([H])c(C([H])([H])C([H])([H])N(C([H])([H])C(=O)N([H])C2([H])C([H])([H])C([H])([H])C([H])([H])C2([H])[H])S(=O)(=O)c2c([H])c([H])c([H])c([H])c2[H])c([H])c1[H]",0.2043,"Darunavir"
"ZINC000002869077","[H]c1c([H])c([H])c(C([H])([H])N2C(=O)[C@@](N([H])C(=O)C3([H])C([H])([H])C3([H])[H])(C(F)(F)F)C(C(=O)C([H])([H])[H])=C2C([H])([H])[H])c([H])c1[H]",0.2021,"Saquinavir"
"ZINC000002869076","[H]c1c([H])c([H])c(C([H])([H])N2C(=O)[C@](N([H])C(=O)C3([H])C([H])([H])C3([H])[H])(C(F)(F)F)C(C(=O)C([H])([H])[H])=C2C([H])([H])[H])c([H])c1[H]",0.2021,"Saquinavir"
"ZINC000016651188","[H]c1c([H])c([H])c(N([H])C(=O)C([H])([H])C([H])([H])c2c([H])c([H])c(S(=O)(=O)N(C([H])([H])C([H])([H])[H])C([H])([H])C([H])([H])[H])c([H])c2[H])c(F)c1[H]",0.2021,"Darunavir"
"ZINC000000675274","[H]c1c([H])c(C([H])([H])C([H])([H])[H])c([H])c([H])c1OC([H])([H])C(=O)N([H])c1c([H])c([H])c(S(=O)(=O)N(C([H])([H])C([H])([H])[H])C([H])([H])C([H])([H])[H])c([H])c1[H]",0.2128,"Darunavir"
"ZINC000002958767","[H]c1c([H])c([H])c(C([H])([H])C([H])([H])N(C([H])([H])C(=O)N([H])[C@@]([H])(C([H])([H])[H])C([H])([H])C([H])([H])[H])S(=O)(=O)c2c([H])c([H])c(C([H])([H])[H])c([H])c2[H])c([H])c1[H]",0.2020,"Darunavir"
"ZINC000002958765","[H]c1c([H])c([H])c(C([H])([H])C([H])([H])N(C([H])([H])C(=O)N([H])[C@]([H])(C([H])([H])[H])C([H])([H])C([H])([H])[H])S(=O)(=O)c2c([H])c([H])c(C([H])([H])[H])c([H])c2[H])c([H])c1[H]",0.2020,"Darunavir"
"ZINC000072346041","[H]c1nc(N([H])[H])nc([C@@]2([H])C([H])([H])N(C(=O)C([H])([H])OC([H])([H])[H])C([H])([H])C([H])([H])C2([H])[H])c1-c1c([H])c([H])c(C(F)(F)F)c([H])c1[H]",0.2000,"Tipranavir"
"ZINC000028208433","[H]c1c([H])c([H])c(C([H])([H])C([H])([H])[C@]([H])(N([H])C(=O)C([H])([H])C([H])([H])c2c([H])c([H])c(S(=O)(=O)N(C([H])([H])[H])C([H])([H])[H])c([H])c2[H])C([H])([H])[H])c([H])c1[H]",0.2021,"Darunavir"
"ZINC000028208431","[H]c1c([H])c([H])c(C([H])([H])C([H])([H])[C@@]([H])(N([H])C(=O)C([H])([H])C([H])([H])c2c([H])c([H])c(S(=O)(=O)N(C([H])([H])[H])C([H])([H])[H])c([H])c2[H])C([H])([H])[H])c([H])c1[H]",0.2021,"Darunavir"
"ZINC000408613100","[H]c1c([H])c(S(=O)(=O)N(C([H])([H])C([H])([H])[H])C([H])([H])C([H])([H])[H])c([H])c([H])c1OC([H])([H])C(=O)N([H])C1([H])C([H])([H])C([H])([H])C([H])([H])C([H])([H])C([H])([H])C([H])([H])C1([H])[H]",0.2083,"Darunavir"
"ZINC000408623704","[H]c1c([H])c(F)c(N([H])C(=O)C([H])([H])Oc2c([H])c([H])c(S(=O)(=O)N(C([H])([H])C([H])([H])[H])C([H])([H])C([H])([H])[H])c([H])c2[H])c(F)c1[H]",0.2021,"Darunavir"
"ZINC000408600757","[H]c1c([H])c([H])c(N([H])C(=O)C([H])([H])Oc2c([H])c([H])c(S(=O)(=O)N(C([H])([H])C([H])([H])[H])C([H])([H])C([H])([H])[H])c([H])c2[H])c(Cl)c1[H]",0.2000,"Darunavir"
"ZINC000006946193","[H]c1c([H])c([H])c(C([H])([H])C([H])([H])N(C([H])([H])C(=O)N([H])[C@@]([H])(C([H])([H])[H])C([H])([H])C([H])([H])C([H])([H])[H])S(=O)(=O)c2c([H])c([H])c([H])c([H])c2[H])c([H])c1[H]",0.2105,"Darunavir"
"ZINC000072346040","[H]c1nc(N([H])[H])nc([C@]2([H])C([H])([H])N(C(=O)C([H])([H])OC([H])([H])[H])C([H])([H])C([H])([H])C2([H])[H])c1-c1c([H])c([H])c(C(F)(F)F)c([H])c1[H]",0.2000,"Tipranavir"
"ZINC000012933239","[H]c1c(Cl)oc(C(=O)N([H])c2c([H])c(S(=O)(=O)N(C([H])([H])C([H])([H])[H])C([H])([H])C([H])([H])[H])c([H])c([H])c2OC([H])([H])[H])c1[H]",0.2000,"Darunavir"
"ZINC000028208261","[H]c1c([H])c(S(=O)(=O)N(C([H])([H])C([H])([H])[H])C([H])([H])C([H])([H])[H])c([H])c(Cl)c1OC([H])([H])C(=O)N([H])[C@@]([H])(C([H])([H])[H])C([H])([H])C([H])([H])C([H])([H])[H]",0.2000,"Darunavir"
"ZINC000028208259","[H]c1c([H])c(S(=O)(=O)N(C([H])([H])C([H])([H])[H])C([H])([H])C([H])([H])[H])c([H])c(Cl)c1OC([H])([H])C(=O)N([H])[C@]([H])(C([H])([H])[H])C([H])([H])C([H])([H])C([H])([H])[H]",0.2000,"Darunavir"
"ZINC000040162275","[H]c1c([H])c(S(=O)(=O)N(C([H])([H])C([H])([H])[H])C([H])([H])C([H])([H])[H])c([H])c([H])c1N([H])C(=O)C([H])([H])N([H])c1c([H])c([H])c(C([H])([H])C([H])([H])[H])c([H])c1[H]",0.2065,"Darunavir"
"ZINC000096120094","[H]c1c([H])c(C([H])([H])C([H])([H])C(=O)N2C([H])([H])C([H])([H])[C@]([H])(S(=O)(=O)C(C([H])([H])[H])(C([H])([H])[H])C([H])([H])[H])C2([H])[H])c([H])c([H])c1C(F)(F)F",0.2022,"Tipranavir"
"ZINC000096120093","[H]c1c([H])c(C([H])([H])C([H])([H])C(=O)N2C([H])([H])C([H])([H])[C@@]([H])(S(=O)(=O)C(C([H])([H])[H])(C([H])([H])[H])C([H])([H])[H])C2([H])[H])c([H])c([H])c1C(F)(F)F",0.2022,"Tipranavir"
"ZINC000006325645","[H]c1c([H])c([H])c(C([H])([H])C([H])([H])N(C([H])([H])C(=O)N([H])C([H])([H])C([H])([H])C([H])(C([H])([H])[H])C([H])([H])[H])S(=O)(=O)c2c([H])c([H])c([H])c([H])c2[H])c([H])c1[H]",0.2000,"Darunavir"
"ZINC000006944730","[H]c1c([H])c([H])c(C([H])([H])C([H])([H])N(C([H])([H])C(=O)N([H])[C@]([H])(C([H])([H])[H])C([H])([H])C([H])([H])C([H])([H])[H])S(=O)(=O)c2c([H])c([H])c([H])c([H])c2[H])c([H])c1[H]",0.2105,"Darunavir"
"ZINC000039985849","[H]c1c([H])c([H])c(C([H])([H])C([H])([H])[C@@]([H])(N([H])C(=O)C([H])([H])N(C([H])([H])C([H])([H])[H])S(=O)(=O)c2c([H])c([H])c(C([H])([H])[H])c([H])c2[H])C([H])([H])[H])c([H])c1[H]",0.2041,"Darunavir"
"ZINC000039985850","[H]c1c([H])c([H])c(C([H])([H])C([H])([H])[C@]([H])(N([H])C(=O)C([H])([H])N(C([H])([H])C([H])([H])[H])S(=O)(=O)c2c([H])c([H])c(C([H])([H])[H])c([H])c2[H])C([H])([H])[H])c([H])c1[H]",0.2041,"Darunavir"
"ZINC000004888779","[H]c1c([H])c(S(=O)(=O)N2C([H])([H])C([H])([H])C([H])(N([H])C(=O)C(C([H])([H])[H])(C([H])([H])[H])C([H])([H])[H])C([H])([H])C2([H])[H])c([H])c([H])c1C(F)(F)F",0.2118,"Tipranavir"
"ZINC000408601727","[H]c1c([H])c(S(=O)(=O)N(C([H])([H])C([H])([H])[H])C([H])([H])C([H])([H])[H])c([H])c([H])c1OC([H])([H])C(=O)N([H])c1c([H])c([H])c(C([H])([H])C([H])([H])[H])c([H])c1[H]",0.2128,"Darunavir"
"ZINC000007063595","[H]c1c([H])c(N([H])C(=O)C([H])([H])Oc2c([H])c([H])c(C([H])([H])C([H])([H])[H])c([H])c2[H])c([H])c(S(=O)(=O)N(C([H])([H])C([H])([H])[H])C([H])([H])C([H])([H])[H])c1[H]",0.2062,"Darunavir"
"ZINC000008220330","[H]c1c([H])c([H])c(N([C@]([H])(C(=O)N([H])c2c([H])c([H])c(C(F)(F)F)c([H])c2[H])C([H])([H])[H])S(=O)(=O)C([H])([H])[H])c([H])c1[H]",0.2024,"Tipranavir"
"ZINC000008224156","[H]c1c([H])c([H])c(N([C@@]([H])(C(=O)N([H])c2c([H])c([H])c(C(F)(F)F)c([H])c2[H])C([H])([H])[H])S(=O)(=O)C([H])([H])[H])c([H])c1[H]",0.2024,"Tipranavir"
"ZINC000077200743","[H]c1c([H])c(C([H])([H])S(=O)(=O)N([H])C([H])([H])[C@]2([H])C([H])([H])C([H])([H])[N@@+]([H])(C([H])(C([H])([H])[H])C([H])([H])[H])C([H])([H])C2([H])[H])c([H])c([H])c1C(F)(F)F",0.2000,"Tipranavir"
"ZINC000096171017","[H]c1c(Br)c([H])c(S(=O)(=O)N2C([H])([H])C([H])([H])C([H])([H])[C@]([H])(C([H])([H])[H])C2([H])[H])c([H])c1C(F)(F)F",0.2000,"Tipranavir"
"ZINC000096171016","[H]c1c(Br)c([H])c(S(=O)(=O)N2C([H])([H])C([H])([H])C([H])([H])[C@@]([H])(C([H])([H])[H])C2([H])[H])c([H])c1C(F)(F)F",0.2000,"Tipranavir"
"ZINC000026535279","[H]c1c([H])c([H])c(-c2c([H])c([H])c(C(F)(F)F)c([H])c2[H])c(C(=O)N2C([H])([H])C([H])([H])C([H])(C(=O)N([H])[H])C([H])([H])C2([H])[H])c1[H]",0.2024,"Tipranavir"
"ZINC000032980224","[H]c1c([H])c([H])c(-c2c([H])c([H])c(C(F)(F)F)c([H])c2[H])c(C(=O)N2C([H])([H])C([H])([H])N(C(=O)C([H])([H])[H])C([H])([H])C2([H])[H])c1[H]",0.2000,"Tipranavir"
"ZINC000020886384","[H]c1c([H])c([H])c(N([H])C(=O)C([H])([H])C([H])([H])c2c([H])c([H])c(S(=O)(=O)N(C([H])([H])C([H])([H])[H])C([H])([H])C([H])([H])[H])c([H])c2[H])c(Cl)c1[H]",0.2021,"Darunavir"
"ZINC000021003051","[H]C1=C(C([H])([H])C([H])([H])N([H])C(=O)C([H])([H])C([H])([H])c2c([H])c([H])c(S(=O)(=O)N(C([H])([H])C([H])([H])[H])C([H])([H])C([H])([H])[H])c([H])c2[H])C([H])([H])C([H])([H])C([H])([H])C1([H])[H]",0.2000,"Darunavir"
"ZINC000026766401","[H]c1c([H])c(S(=O)(=O)N(C([H])([H])C([H])([H])[H])C([H])([H])C([H])([H])[H])c([H])c([H])c1C([H])([H])C([H])([H])C(=O)N([H])C1([H])C([H])([H])C([H])([H])C([H])([H])C([H])([H])C([H])([H])C([H])([H])C1([H])[H]",0.2105,"Darunavir"
"ZINC000223047573","[H]c1c([H])c(F)c(N([H])C(=O)C([H])([H])C([H])([H])c2c([H])c([H])c(S(=O)(=O)N(C([H])([H])C([H])([H])[H])C([H])([H])C([H])([H])[H])c([H])c2[H])c(F)c1[H]",0.2043,"Darunavir"
"ZINC000004935725","[H]c1c([H])c(S(=O)(=O)N2C([H])([H])C([H])([H])C([H])([N@+]3([H])C([H])([H])C([H])([H])[C@@]([H])(C([H])([H])[H])C([H])([H])C3([H])[H])C([H])([H])C2([H])[H])c([H])c([H])c1C(F)(F)F",0.2000,"Tipranavir"
"ZINC000071415932","[H]c1c([H])c(C(F)(F)F)c(S(=O)(=O)N2C([H])([H])C([H])([H])C([H])(C([H])([H])[H])C([H])([H])C2([H])[H])c([H])c1C(F)(F)F",0.2125,"Tipranavir"
"ZINC000005851430","[H]c1c([H])c(S(=O)(=O)N(C([H])([H])C([H])([H])[H])C([H])([H])C([H])([H])[H])c([H])c(N([H])C(=O)C([H])([H])C([H])([H])C2([H])C([H])([H])C([H])([H])C([H])([H])C([H])([H])C2([H])[H])c1OC([H])([H])[H]",0.2039,"Darunavir"
"ZINC000096170964","[H]c1c(Br)c([H])c(S(=O)(=O)N2C([H])([H])C([H])([H])C([H])([H])C([H])([H])[C@]2([H])C([H])([H])[H])c([H])c1C(F)(F)F",0.2024,"Tipranavir"
"ZINC000096170963","[H]c1c(Br)c([H])c(S(=O)(=O)N2C([H])([H])C([H])([H])C([H])([H])C([H])([H])[C@@]2([H])C([H])([H])[H])c([H])c1C(F)(F)F",0.2024,"Tipranavir"
"ZINC000058331448","[H]c1c([H])c(S(=O)(=O)N2C([H])([H])C([H])([H])C([H])(n3c(C([H])([H])[H])c([H])c([H])c3C([H])([H])[H])C([H])([H])C2([H])[H])c([H])c([H])c1C(F)(F)F",0.2099,"Tipranavir"
"ZINC000001703578","[H]c1c([H])c(S(=O)(=O)N(C([H])([H])C([H])([H])C([H])([H])[H])C([H])([H])C([H])([H])C([H])([H])[H])c([H])c([H])c1N([H])C(=O)OC1([H])C([H])([H])C([H])([H])C([H])([H])C([H])([H])C1([H])[H]",0.2083,"Darunavir"
"ZINC000004994623","[H]c1c([H])c(S(=O)(=O)N(C([H])([H])C([H])([H])C([H])([H])[H])C([H])([H])C([H])([H])C([H])([H])[H])c([H])c([H])c1N([H])C(=O)OC1([H])C([H])([H])C([H])([H])C([H])([H])C([H])([H])C([H])([H])C1([H])[H]",0.2083,"Darunavir"
"ZINC000079057830","[H]c1c(S(=O)(=O)N(C([H])([H])C([H])([H])[H])C([H])([H])C([H])([H])[H])c([H])n(C([H])([H])C(=O)N([H])[C@@]([H])(C([H])([H])[H])C([H])([H])O[C@]2([H])C([H])([H])OC([H])([H])C2([H])[H])c(=O)c1[H]",0.2091,"Darunavir"
"ZINC000079057821","[H]c1c(S(=O)(=O)N(C([H])([H])C([H])([H])[H])C([H])([H])C([H])([H])[H])c([H])n(C([H])([H])C(=O)N([H])[C@@]([H])(C([H])([H])[H])C([H])([H])O[C@@]2([H])C([H])([H])OC([H])([H])C2([H])[H])c(=O)c1[H]",0.2091,"Darunavir"
"ZINC000079057823","[H]c1c(S(=O)(=O)N(C([H])([H])C([H])([H])[H])C([H])([H])C([H])([H])[H])c([H])n(C([H])([H])C(=O)N([H])[C@]([H])(C([H])([H])[H])C([H])([H])O[C@@]2([H])C([H])([H])OC([H])([H])C2([H])[H])c(=O)c1[H]",0.2091,"Darunavir"
"ZINC000079057839","[H]c1c(S(=O)(=O)N(C([H])([H])C([H])([H])[H])C([H])([H])C([H])([H])[H])c([H])n(C([H])([H])C(=O)N([H])[C@]([H])(C([H])([H])[H])C([H])([H])O[C@]2([H])C([H])([H])OC([H])([H])C2([H])[H])c(=O)c1[H]",0.2091,"Darunavir"
"ZINC000027953947","[H]c1c([H])c(S(=O)(=O)N2C([H])([H])C([H])([H])N(S(=O)(=O)N(C([H])([H])[H])C([H])([H])[H])C([H])([H])C2([H])[H])c([H])c([H])c1C(F)(F)F",0.2105,"Tipranavir"
"ZINC000022228432","[H]c1c([H])c(S(=O)(=O)N(C([H])([H])C([H])([H])[H])C([H])([H])C([H])([H])[H])c([H])c([H])c1C([H])([H])C([H])([H])N([H])C(=O)C(=O)N([H])C([H])([H])[C@]1([H])OC([H])([H])C([H])([H])C1([H])[H]",0.2100,"Darunavir"
"ZINC000022228430","[H]c1c([H])c(S(=O)(=O)N(C([H])([H])C([H])([H])[H])C([H])([H])C([H])([H])[H])c([H])c([H])c1C([H])([H])C([H])([H])N([H])C(=O)C(=O)N([H])C([H])([H])[C@@]1([H])OC([H])([H])C([H])([H])C1([H])[H]",0.2100,"Darunavir"
"ZINC000045944376","[H]c1c([H])c(S(=O)(=O)N(C([H])([H])C([H])([H])C(=O)N2C([H])([H])C([H])([H])N([H])C([H])([H])C2([H])[H])C([H])([H])[C@]2([H])OC([H])([H])C([H])([H])C2([H])[H])c([H])c([H])c1C([H])([H])C([H])([H])[H]",0.2000,"Darunavir"
"ZINC000045944373","[H]c1c([H])c(S(=O)(=O)N(C([H])([H])C([H])([H])C(=O)N2C([H])([H])C([H])([H])N([H])C([H])([H])C2([H])[H])C([H])([H])[C@@]2([H])OC([H])([H])C([H])([H])C2([H])[H])c([H])c([H])c1C([H])([H])C([H])([H])[H]",0.2000,"Darunavir"
"ZINC000045974619","[H]c1c([H])c(S(=O)(=O)N(C([H])([H])C(=O)N2C([H])([H])C([H])([H])N([H])C([H])([H])C2([H])[H])C([H])([H])C([H])([H])C([H])([H])OC([H])([H])[H])c([H])c([H])c1C([H])([H])C([H])(C([H])([H])[H])C([H])([H])[H]",0.2019,"Darunavir"
"ZINC000048325506","[H]c1c([H])c(S(=O)(=O)N2C([H])([H])C([H])([H])N(C(=O)C([H])([H])[N@+]([H])(C([H])([H])[H])C([H])(C([H])([H])[H])C([H])([H])[H])C([H])([H])C2([H])[H])c([H])c([H])c1C(F)(F)F",0.2000,"Tipranavir"
"ZINC000009052241","[H]c1c([H])c(C([H])([H])C([H])([H])N2C(=O)N([H])[C@@](N([H])C(=O)C3([H])C([H])([H])C3([H])[H])(C(F)(F)F)C2=O)c([H])c(OC([H])([H])[H])c1OC([H])([H])[H]",0.2165,"Saquinavir"
"ZINC000032665137","[H]c1c([H])c(S(=O)(=O)N2C([H])([H])C([H])([H])N([C@@]3([H])C([H])([H])C([H])([H])S(=O)(=O)C3([H])[H])C([H])([H])C2([H])[H])c([H])c([H])c1C(F)(F)F",0.2048,"Tipranavir"
"ZINC000032665136","[H]c1c([H])c(S(=O)(=O)N2C([H])([H])C([H])([H])N([C@]3([H])C([H])([H])C([H])([H])S(=O)(=O)C3([H])[H])C([H])([H])C2([H])[H])c([H])c([H])c1C(F)(F)F",0.2048,"Tipranavir"
"ZINC000013681610","[H]c1c([H])c(C([H])([H])C([H])([H])N2C(=O)N([H])[C@](N([H])C(=O)C3([H])C([H])([H])C3([H])[H])(C(F)(F)F)C2=O)c([H])c(OC([H])([H])[H])c1OC([H])([H])[H]",0.2165,"Saquinavir"
"ZINC000045944376","[H]c1c([H])c(S(=O)(=O)N(C([H])([H])C([H])([H])C(=O)N2C([H])([H])C([H])([H])[N+]([H])([H])C([H])([H])C2([H])[H])C([H])([H])[C@]2([H])OC([H])([H])C([H])([H])C2([H])[H])c([H])c([H])c1C([H])([H])C([H])([H])[H]",0.2000,"Darunavir"
"ZINC000045944373","[H]c1c([H])c(S(=O)(=O)N(C([H])([H])C([H])([H])C(=O)N2C([H])([H])C([H])([H])[N+]([H])([H])C([H])([H])C2([H])[H])C([H])([H])[C@@]2([H])OC([H])([H])C([H])([H])C2([H])[H])c([H])c([H])c1C([H])([H])C([H])([H])[H]",0.2000,"Darunavir"
"ZINC000045974619","[H]c1c([H])c(S(=O)(=O)N(C([H])([H])C(=O)N2C([H])([H])C([H])([H])[N+]([H])([H])C([H])([H])C2([H])[H])C([H])([H])C([H])([H])C([H])([H])OC([H])([H])[H])c([H])c([H])c1C([H])([H])C([H])(C([H])([H])[H])C([H])([H])[H]",0.2019,"Darunavir"
"ZINC000048325506","[H]c1c([H])c(S(=O)(=O)N2C([H])([H])C([H])([H])N(C(=O)C([H])([H])[N@@+]([H])(C([H])([H])[H])C([H])(C([H])([H])[H])C([H])([H])[H])C([H])([H])C2([H])[H])c([H])c([H])c1C(F)(F)F",0.2000,"Tipranavir"
"ZINC000222747558","[H]c1c([H])c(S(=O)(=O)N(C([H])([H])C([H])([H])[H])C([H])([H])C([H])([H])[H])c([H])c([H])c1OC([H])([H])C(=O)N([H])c1c([H])c([H])c(C([H])([H])C(=O)N([H])[H])c([H])c1[H]",0.2143,"Darunavir"
"ZINC000004985930","[H]c1c([H])c(C(F)(F)F)c([H])c(S(=O)(=O)N2C([H])([H])C([H])([H])N(C(=O)N3C([H])([H])C([H])([H])OC([H])([H])C3([H])[H])[C@]2([H])C([H])([H])[H])c1[H]",0.2000,"Tipranavir"
"ZINC000004985929","[H]c1c([H])c(C(F)(F)F)c([H])c(S(=O)(=O)N2C([H])([H])C([H])([H])N(C(=O)N3C([H])([H])C([H])([H])OC([H])([H])C3([H])[H])[C@@]2([H])C([H])([H])[H])c1[H]",0.2000,"Tipranavir"
"ZINC000408781564","[H]c1c([H])c([H])c(C([H])([H])N(C([H])([H])C(=O)N([H])C([H])([H])C([H])([H])OC([H])([H])[H])S(=O)(=O)c2c([H])c([H])c(OC([H])([H])[H])c(OC([H])([H])[H])c2[H])c([H])c1[H]",0.2000,"Darunavir"
"ZINC000226070583","[H]c1c([H])c(S(=O)(=O)N(C([H])([H])C(=O)N([H])c2c([H])c([H])c(C([H])([H])C(=O)N([H])[H])c([H])c2[H])C([H])([H])C([H])([H])[H])c([H])c(C([H])([H])[H])c1OC([H])([H])[H]",0.2000,"Darunavir"
"ZINC000039985328","[H]c1c([H])c(S(=O)(=O)N(C([H])([H])C(=O)N([H])C([H])([H])[C@]2([H])OC([H])([H])C([H])([H])C2([H])[H])C([H])([H])C([H])([H])[H])c([H])c([H])c1Br",0.2000,"Darunavir"
"ZINC000039985327","[H]c1c([H])c(S(=O)(=O)N(C([H])([H])C(=O)N([H])C([H])([H])[C@@]2([H])OC([H])([H])C([H])([H])C2([H])[H])C([H])([H])C([H])([H])[H])c([H])c([H])c1Br",0.2000,"Darunavir"
"ZINC000006111937","[H]c1c([H])c([H])c(S(=O)(=O)N(C([H])([H])C(=O)N([H])C([H])([H])C([H])([H])c2c([H])c([H])c(OC([H])([H])[H])c([H])c2[H])C([H])([H])C([H])([H])C([H])([H])OC([H])([H])[H])c([H])c1[H]",0.2000,"Darunavir"
"ZINC000000667517","[H]c1c([H])c([H])c(C([H])([H])N(C([H])([H])[H])S(=O)(=O)c2c([H])c([H])c(OC([H])([H])C(=O)N([H])C([H])([H])[C@]3([H])OC([H])([H])C([H])([H])C3([H])[H])c([H])c2[H])c([H])c1[H]",0.2000,"Darunavir"
"ZINC000000667521","[H]c1c([H])c([H])c(C([H])([H])N(C([H])([H])[H])S(=O)(=O)c2c([H])c([H])c(OC([H])([H])C(=O)N([H])C([H])([H])[C@@]3([H])OC([H])([H])C([H])([H])C3([H])[H])c([H])c2[H])c([H])c1[H]",0.2000,"Darunavir"
"ZINC000089410250","[H]c1c([H])c([H])c(C([H])([H])C([H])([H])N([H])C(=O)C([H])([H])N(C([H])([H])C([H])([H])C([H])([H])OC([H])([H])[H])S(=O)(=O)c2c([H])c([H])c(OC([H])([H])[H])c([H])c2[H])c([H])c1[H]",0.2000,"Darunavir"
"ZINC000000842949","[H]c1c([H])c([H])c(C([H])([H])N(C([H])([H])C(=O)N([H])C([H])([H])[C@@]2([H])OC([H])([H])C([H])([H])C2([H])[H])S(=O)(=O)c2c([H])c([H])c(C([H])([H])[H])c([H])c2[H])c([H])c1[H]",0.2059,"Darunavir"
"ZINC000000842948","[H]c1c([H])c([H])c(C([H])([H])N(C([H])([H])C(=O)N([H])C([H])([H])[C@]2([H])OC([H])([H])C([H])([H])C2([H])[H])S(=O)(=O)c2c([H])c([H])c(C([H])([H])[H])c([H])c2[H])c([H])c1[H]",0.2059,"Darunavir"
"ZINC000000892931","[H]c1c([H])c([H])c(C([H])([H])N(C([H])([H])C(=O)N([H])C([H])([H])[C@@]2([H])OC([H])([H])C([H])([H])C2([H])[H])S(=O)(=O)c2c([H])c([H])c(OC([H])([H])[H])c([H])c2[H])c([H])c1[H]",0.2115,"Darunavir"
"ZINC000000892926","[H]c1c([H])c([H])c(C([H])([H])N(C([H])([H])C(=O)N([H])C([H])([H])[C@]2([H])OC([H])([H])C([H])([H])C2([H])[H])S(=O)(=O)c2c([H])c([H])c(OC([H])([H])[H])c([H])c2[H])c([H])c1[H]",0.2115,"Darunavir"
"ZINC000010662660","[H]c1c([H])c(C(F)(F)F)c([H])c([H])c1C(=O)N1C([H])([H])C([H])([H])N(S(=O)(=O)c2c(C([H])([H])[H])noc2C([H])([H])[H])C([H])([H])C1([H])[H]",0.2022,"Tipranavir"
"ZINC000009668686","[H]c1c([H])c(S(=O)(=O)N(C([H])([H])C([H])([H])[H])C([H])([H])C([H])([H])[H])c([H])c([H])c1OC([H])([H])C(=O)N([H])C([H])([H])c1c([H])c([H])c2c(c1[H])OC([H])([H])O2",0.2059,"Darunavir"
"ZINC000007881273","[H]c1c([H])c(S(=O)(=O)N(C([H])([H])C(=O)N([H])C([H])([H])[C@@]2([H])OC([H])([H])C([H])([H])C2([H])[H])C([H])([H])C([H])([H])[H])c([H])c(Cl)c1OC([H])([H])C([H])([H])[H]",0.2037,"Darunavir"
"ZINC000007881274","[H]c1c([H])c(S(=O)(=O)N(C([H])([H])C(=O)N([H])C([H])([H])[C@]2([H])OC([H])([H])C([H])([H])C2([H])[H])C([H])([H])C([H])([H])[H])c([H])c(Cl)c1OC([H])([H])C([H])([H])[H]",0.2037,"Darunavir"
"ZINC000002864458","[H]c1c([H])c([H])c(C([H])([H])N(C([H])([H])C(=O)N([H])C([H])([H])C([H])([H])C([H])([H])OC([H])([H])[H])S(=O)(=O)c2c([H])c([H])c(OC([H])([H])[H])c(C([H])([H])[H])c2[H])c([H])c1[H]",0.2039,"Darunavir"
"ZINC000079016382","[H]O[C@]1([H])c2c([H])c([H])c(OC([H])([H])C(=O)N([H])c3c([H])c([H])c([H])c(S(=O)(=O)N(C([H])([H])C([H])([H])[H])C([H])([H])C([H])([H])[H])c3[H])c([H])c2OC1([H])[H]",0.2037,"Darunavir"
"ZINC000079016384","[H]O[C@@]1([H])c2c([H])c([H])c(OC([H])([H])C(=O)N([H])c3c([H])c([H])c([H])c(S(=O)(=O)N(C([H])([H])C([H])([H])[H])C([H])([H])C([H])([H])[H])c3[H])c([H])c2OC1([H])[H]",0.2037,"Darunavir"
"ZINC000004694953","[H]c1c([H])c([H])c(C([H])([H])C([H])([H])N(C([H])([H])C(=O)N([H])C([H])([H])[C@]2([H])OC([H])([H])C([H])([H])C2([H])[H])S(=O)(=O)c2c([H])c([H])c([H])c([H])c2[H])c([H])c1[H]",0.2165,"Darunavir"
"ZINC000004694952","[H]c1c([H])c([H])c(C([H])([H])C([H])([H])N(C([H])([H])C(=O)N([H])C([H])([H])[C@@]2([H])OC([H])([H])C([H])([H])C2([H])[H])S(=O)(=O)c2c([H])c([H])c([H])c([H])c2[H])c([H])c1[H]",0.2165,"Darunavir"
"ZINC000004811634","[H]c1c([H])c([H])c(C([H])([H])C([H])([H])N(C([H])([H])C(=O)N([H])C([H])([H])C([H])([H])C([H])([H])OC([H])([H])[H])S(=O)(=O)c2c([H])c([H])c(OC([H])([H])[H])c([H])c2[H])c([H])c1[H]",0.2000,"Darunavir"
"ZINC000012609436","[H]c1c([H])c([H])c(C([H])([H])N([H])C(=O)C([H])([H])N([H])c2c([H])c(S(=O)(=O)N(C([H])([H])C([H])([H])[H])C([H])([H])C([H])([H])[H])c([H])c([H])c2OC([H])([H])[H])c([H])c1[H]",0.2000,"Darunavir"
"ZINC000004695908","[H]c1c([H])c([H])c(C([H])([H])C([H])([H])N(C([H])([H])C(=O)N([H])C([H])([H])C([H])([H])C([H])([H])OC([H])([H])[H])S(=O)(=O)c2c([H])c([H])c(C([H])([H])[H])c([H])c2[H])c([H])c1[H]",0.2020,"Darunavir"
"ZINC000015228213","[H]c1c([H])c([H])c(C([H])([H])C([H])([H])N(C([H])([H])C(=O)N([H])C([H])(C([H])([H])[H])C([H])([H])[H])S(=O)(=O)c2c([H])c([H])c(OC([H])([H])[H])c(OC([H])([H])[H])c2[H])c([H])c1[H]",0.2000,"Darunavir"
"ZINC000408622479","[H]c1c([H])c([H])c(C([H])([H])N(C([H])([H])C(=O)N([H])[C@@]([H])(C([H])([H])[H])C([H])([H])OC([H])([H])[H])S(=O)(=O)c2c([H])c([H])c(OC([H])([H])[H])c(C([H])([H])[H])c2[H])c([H])c1[H]",0.2000,"Darunavir"
"ZINC000408622482","[H]c1c([H])c([H])c(C([H])([H])N(C([H])([H])C(=O)N([H])[C@]([H])(C([H])([H])[H])C([H])([H])OC([H])([H])[H])S(=O)(=O)c2c([H])c([H])c(OC([H])([H])[H])c(C([H])([H])[H])c2[H])c([H])c1[H]",0.2000,"Darunavir"
"ZINC000408627012","[H]c1c([H])c(S(=O)(=O)N(C([H])([H])C([H])([H])[H])C([H])([H])C([H])([H])[H])c([H])c([H])c1OC([H])([H])C(=O)N([H])c1c([H])c([H])c2c(c1[H])OC([H])([H])O2",0.2000,"Darunavir"
"ZINC000028208121","[H]c1c([H])c(S(=O)(=O)N(C([H])([H])C([H])([H])[H])C([H])([H])C([H])([H])[H])c([H])c(Cl)c1OC([H])([H])C(=O)N([H])C([H])([H])[C@@]1([H])OC([H])([H])C([H])([H])C1([H])[H]",0.2095,"Darunavir"
"ZINC000028208124","[H]c1c([H])c(S(=O)(=O)N(C([H])([H])C([H])([H])[H])C([H])([H])C([H])([H])[H])c([H])c(Cl)c1OC([H])([H])C(=O)N([H])C([H])([H])[C@]1([H])OC([H])([H])C([H])([H])C1([H])[H]",0.2095,"Darunavir"
"ZINC000408771847","[H]c1c([H])c([H])c(C([H])([H])N(C([H])([H])C(=O)N([H])C([H])(C([H])([H])[H])C([H])([H])[H])S(=O)(=O)c2c([H])c([H])c(OC([H])([H])[H])c(OC([H])([H])[H])c2[H])c([H])c1[H]",0.2020,"Darunavir"
"ZINC000408919713","[H]c1c([H])c([H])c(C([H])([H])N(C([H])([H])C(=O)N([H])C2([H])C([H])([H])C2([H])[H])S(=O)(=O)c2c([H])c([H])c(OC([H])([H])[H])c(OC([H])([H])[H])c2[H])c([H])c1[H]",0.2100,"Darunavir"
"ZINC000408937226","[H]c1c([H])c([H])c(C([H])([H])C([H])([H])N(C([H])([H])C(=O)N([H])C2([H])C([H])([H])C2([H])[H])S(=O)(=O)c2c([H])c([H])c(OC([H])([H])[H])c(OC([H])([H])[H])c2[H])c([H])c1[H]",0.2079,"Darunavir"
"ZINC000005814300","[H]c1c([H])c([H])c(S(=O)(=O)N(C([H])([H])C(=O)N([H])C([H])([H])[C@]2([H])OC([H])([H])C([H])([H])C2([H])[H])C([H])([H])c2c([H])c([H])c(C([H])([H])[H])c([H])c2[H])c([H])c1[H]",0.2059,"Darunavir"
"ZINC000005814299","[H]c1c([H])c([H])c(S(=O)(=O)N(C([H])([H])C(=O)N([H])C([H])([H])[C@@]2([H])OC([H])([H])C([H])([H])C2([H])[H])C([H])([H])c2c([H])c([H])c(C([H])([H])[H])c([H])c2[H])c([H])c1[H]",0.2059,"Darunavir"
"ZINC000409184166","[H]c1c([H])c([H])c(C([H])([H])N(C([H])([H])C(=O)N([H])C([H])([H])C([H])([H])C([H])([H])OC([H])([H])[H])S(=O)(=O)c2c([H])c([H])c(OC([H])([H])[H])c([H])c2[H])c([H])c1[H]",0.2020,"Darunavir"
"ZINC000046294920","[H]c1c([H])c(C([H])([H])C(=O)N([H])[H])c([H])c([H])c1N([H])C(=O)C([H])([H])C([H])([H])c1c([H])c([H])c(S(=O)(=O)N(C([H])([H])C([H])([H])[H])C([H])([H])C([H])([H])[H])c([H])c1[H]",0.2083,"Darunavir"
"ZINC000006205261","[H]c1c([H])c(S(=O)(=O)N(C([H])([H])C([H])([H])[H])C([H])([H])C([H])([H])[H])c([H])c([N+](=O)[O-])c1OC([H])([H])C(=O)N([H])C1([H])C([H])([H])C([H])([H])C([H])([H])C([H])([H])C1([H])[H]",0.2019,"Darunavir"
"ZINC000032550567","[H]c1c([H])c(N([H])C(=O)C([H])([H])N(C([H])([H])C([H])([H])[H])S(=O)(=O)c2c([H])c([H])c(C([H])([H])C([H])([H])[H])c([H])c2[H])c([H])c2c1OC([H])([H])C([H])([H])O2",0.2000,"Darunavir"
"ZINC000585146898","[H]c1c([H])c(S(=O)(=O)N2C([H])([H])C([H])([H])C([H])([H])[C@]([H])(S(=O)(=O)C([H])([H])C([H])(C([H])([H])[H])C([H])([H])[H])C2([H])[H])c([H])c([H])c1C(F)(F)F",0.2045,"Tipranavir"
"ZINC000585146899","[H]c1c([H])c(S(=O)(=O)N2C([H])([H])C([H])([H])C([H])([H])[C@@]([H])(S(=O)(=O)C([H])([H])C([H])(C([H])([H])[H])C([H])([H])[H])C2([H])[H])c([H])c([H])c1C(F)(F)F",0.2045,"Tipranavir"
"ZINC000011613777","[H]c1c(C(F)(F)F)c([H])c(S(=O)(=O)N2C([H])([H])C([H])([H])C([H])(C(=O)N([H])[H])C([H])([H])C2([H])[H])c([H])c1C(F)(F)F",0.2125,"Tipranavir"
"ZINC000001061237","[H]c1c([H])c([H])c(C([H])([H])N(C([H])([H])C(=O)N([H])C2([H])C([H])([H])C2([H])[H])S(=O)(=O)c2c([H])c([H])c(OC([H])([H])[H])c(Cl)c2[H])c([H])c1[H]",0.2039,"Darunavir"
"ZINC000001133096","[H]c1c([H])c(C([H])([H])[H])c([H])c(C([H])([H])N(C([H])([H])C(=O)N([H])C([H])([H])[C@]2([H])OC([H])([H])C([H])([H])C2([H])[H])S(=O)(=O)c2c([H])c([H])c(C([H])([H])[H])c([H])c2[H])c1[H]",0.2000,"Darunavir"
"ZINC000001133099","[H]c1c([H])c(C([H])([H])[H])c([H])c(C([H])([H])N(C([H])([H])C(=O)N([H])C([H])([H])[C@@]2([H])OC([H])([H])C([H])([H])C2([H])[H])S(=O)(=O)c2c([H])c([H])c(C([H])([H])[H])c([H])c2[H])c1[H]",0.2000,"Darunavir"
"ZINC000001741503","[H]c1c(C([H])([H])[H])nc(N2C([H])([H])C([H])([H])N(S(=O)(=O)c3c([H])c([H])c([H])c(C(F)(F)F)c3[H])C([H])([H])C2([H])[H])nc1C([H])([H])[H]",0.2024,"Tipranavir"
"ZINC000023805398","[H]O[C@@]([H])(c1c([H])c([H])c([H])c([H])c1[H])C([H])([H])N1C([H])([H])C([H])([H])N(S(=O)(=O)c2c([H])c([H])c(C(F)(F)F)c([H])c2[H])C([H])([H])C1([H])[H]",0.2000,"Tipranavir"
"ZINC000023805396","[H]O[C@]([H])(c1c([H])c([H])c([H])c([H])c1[H])C([H])([H])N1C([H])([H])C([H])([H])N(S(=O)(=O)c2c([H])c([H])c(C(F)(F)F)c([H])c2[H])C([H])([H])C1([H])[H]",0.2000,"Tipranavir"
"ZINC000002279237","[H]c1c([H])c([H])c(C([H])([H])N(C([H])([H])C(=O)N([H])C([H])([H])C([H])([H])C([H])([H])OC([H])([H])[H])S(=O)(=O)c2c([H])c([H])c(Cl)c([H])c2[H])c([H])c1[H]",0.2041,"Darunavir"
"ZINC000002875367","[H]c1c([H])c([H])c(C([H])([H])C([H])([H])N(C([H])([H])C(=O)N([H])C2([H])C([H])([H])C2([H])[H])S(=O)(=O)c2c([H])c([H])c(OC([H])([H])[H])c(Cl)c2[H])c([H])c1[H]",0.2019,"Darunavir"
"ZINC000002957923","[H]c1c([H])c([H])c(C([H])([H])C([H])([H])N(C([H])([H])C(=O)N([H])C([H])([H])C([H])([H])C([H])([H])OC([H])([H])[H])S(=O)(=O)c2c([H])c([H])c(Cl)c([H])c2[H])c([H])c1[H]",0.2020,"Darunavir"
"ZINC000048309072","[H]c1c([H])c([H])c2c(c1[H])C([H])([H])N(S(=O)(=O)c1c([H])c(C(F)(F)F)c([H])c([H])c1Cl)[C@]([H])(C(=O)N([H])[H])C2([H])[H]",0.2135,"Tipranavir"
"ZINC000000780802","[H]c1c([H])c(C([H])([H])N(C([H])([H])C(=O)N([H])C([H])([H])[C@]2([H])OC([H])([H])C([H])([H])C2([H])[H])S(=O)(=O)c2c([H])c([H])c(C([H])([H])[H])c([H])c2[H])c([H])c([H])c1F",0.2000,"Darunavir"
"ZINC000000780804","[H]c1c([H])c(C([H])([H])N(C([H])([H])C(=O)N([H])C([H])([H])[C@@]2([H])OC([H])([H])C([H])([H])C2([H])[H])S(=O)(=O)c2c([H])c([H])c(C([H])([H])[H])c([H])c2[H])c([H])c([H])c1F",0.2000,"Darunavir"
"ZINC000013656164","[H]c1c([H])c(C([H])([H])N2C(=O)N([H])[C@@](N([H])C(=O)C3([H])C([H])([H])C([H])([H])C([H])([H])C([H])([H])C3([H])[H])(C(F)(F)F)C2=O)c([H])c([H])c1OC([H])([H])[H]",0.2083,"Saquinavir"
"ZINC000013656166","[H]c1c([H])c(C([H])([H])N2C(=O)N([H])[C@](N([H])C(=O)C3([H])C([H])([H])C([H])([H])C([H])([H])C([H])([H])C3([H])[H])(C(F)(F)F)C2=O)c([H])c([H])c1OC([H])([H])[H]",0.2083,"Saquinavir"
"ZINC000004838960","[H]c1c([H])c([H])c(C([H])([H])N(C([H])([H])C(=O)N([H])[C@@]([H])(C([H])([H])[H])C([H])([H])C([H])([H])[H])S(=O)(=O)c2c([H])c([H])c(OC([H])([H])[H])c(OC([H])([H])[H])c2[H])c([H])c1[H]",0.2079,"Darunavir"
"ZINC000004838957","[H]c1c([H])c([H])c(C([H])([H])N(C([H])([H])C(=O)N([H])[C@]([H])(C([H])([H])[H])C([H])([H])C([H])([H])[H])S(=O)(=O)c2c([H])c([H])c(OC([H])([H])[H])c(OC([H])([H])[H])c2[H])c([H])c1[H]",0.2079,"Darunavir"
"ZINC000000842957","[H]c1c([H])c([H])c(C([H])([H])N(C([H])([H])C(=O)N([H])C2([H])C([H])([H])C([H])([H])C([H])([H])C2([H])[H])S(=O)(=O)c2c([H])c([H])c(OC([H])([H])[H])c([H])c2[H])c([H])c1[H]",0.2000,"Darunavir"
"ZINC000096104317","[H]c1c([H])c(S(=O)(=O)C2([H])C([H])([H])N(S(=O)(=O)c3c([H])c([H])c(C(F)(F)F)c([H])c3[H])C2([H])[H])c([H])c([H])c1F",0.2051,"Tipranavir"
"ZINC000017320859","[H]c1c([H])c(C([H])([H])N([H])C(=O)C([H])([H])C([H])([H])c2c([H])c([H])c(S(=O)(=O)N(C([H])([H])C([H])([H])[H])C([H])([H])C([H])([H])[H])c([H])c2[H])c([H])c2c1OC([H])([H])O2",0.2000,"Darunavir"
"ZINC000017847781","[H]Oc1c([H])c([H])c([H])c([H])c1C(=O)N1C([H])([H])C([H])([H])N(S(=O)(=O)c2c([H])c([H])c(C(F)(F)F)c([H])c2[H])C([H])([H])C1([H])[H]",0.2073,"Tipranavir"
"ZINC000004616497","[H]c1c([H])c([H])c(C([H])([H])N(C([H])([H])C(=O)N([H])C([H])([H])[C@]2([H])OC([H])([H])C([H])([H])C2([H])[H])S(=O)(=O)c2c([H])c([H])c(C([H])([H])[H])c([H])c2[H])c(F)c1[H]",0.2000,"Darunavir"
"ZINC000004616496","[H]c1c([H])c([H])c(C([H])([H])N(C([H])([H])C(=O)N([H])C([H])([H])[C@@]2([H])OC([H])([H])C([H])([H])C2([H])[H])S(=O)(=O)c2c([H])c([H])c(C([H])([H])[H])c([H])c2[H])c(F)c1[H]",0.2000,"Darunavir"
"ZINC000000857026","[H]c1c([H])c([H])c(C([H])([H])C([H])([H])N(C([H])([H])C(=O)N([H])C([H])([H])[C@]2([H])OC([H])([H])C([H])([H])C2([H])[H])S(=O)(=O)c2c([H])c([H])c(C([H])([H])[H])c([H])c2[H])c([H])c1[H]",0.2136,"Darunavir"
"ZINC000000857028","[H]c1c([H])c([H])c(C([H])([H])C([H])([H])N(C([H])([H])C(=O)N([H])C([H])([H])[C@@]2([H])OC([H])([H])C([H])([H])C2([H])[H])S(=O)(=O)c2c([H])c([H])c(C([H])([H])[H])c([H])c2[H])c([H])c1[H]",0.2136,"Darunavir"
"ZINC000010301500","[H]c1c([H])c([H])c(C([H])([H])N(C([H])([H])C(=O)N([H])C2([H])C([H])([H])C2([H])[H])S(=O)(=O)c2c([H])c([H])c(OC([H])([H])C([H])([H])[H])c(C([H])([H])[H])c2[H])c([H])c1[H]",0.2019,"Darunavir"
"ZINC000408550339","[H]c1c([H])c([H])c(C([H])([H])C([H])([H])N(C([H])([H])C(=O)N([H])C2([H])C([H])([H])C2([H])[H])S(=O)(=O)c2c([H])c([H])c(OC([H])([H])[H])c(C([H])([H])[H])c2[H])c([H])c1[H]",0.2039,"Darunavir"
"ZINC000408618781","[H]c1c([H])c(C([H])([H])N(C([H])([H])C(=O)N([H])[C@]([H])(C([H])([H])[H])C([H])([H])OC([H])([H])[H])S(=O)(=O)c2c([H])c([H])c(C([H])([H])[H])c([H])c2[H])c([H])c([H])c1C([H])([H])[H]",0.2041,"Darunavir"
"ZINC000408618783","[H]c1c([H])c(C([H])([H])N(C([H])([H])C(=O)N([H])[C@@]([H])(C([H])([H])[H])C([H])([H])OC([H])([H])[H])S(=O)(=O)c2c([H])c([H])c(C([H])([H])[H])c([H])c2[H])c([H])c([H])c1C([H])([H])[H]",0.2041,"Darunavir"
"ZINC000408619625","[H]c1c([H])c(S(=O)(=O)N(C([H])([H])C([H])([H])[H])C([H])([H])C([H])([H])[H])c([H])c([H])c1OC([H])([H])C(=O)N([H])c1c([H])c([H])c2c(c1[H])OC([H])([H])C([H])([H])O2",0.2000,"Darunavir"
"ZINC000408617375","[H]c1c([H])c([H])c(S(=O)(=O)N(C([H])([H])C(=O)N([H])[C@@]([H])(C([H])([H])[H])C([H])([H])OC([H])([H])[H])C([H])([H])c2c([H])c([H])c(Cl)c([H])c2[H])c([H])c1[H]",0.2000,"Darunavir"
"ZINC000408617380","[H]c1c([H])c([H])c(S(=O)(=O)N(C([H])([H])C(=O)N([H])[C@]([H])(C([H])([H])[H])C([H])([H])OC([H])([H])[H])C([H])([H])c2c([H])c([H])c(Cl)c([H])c2[H])c([H])c1[H]",0.2000,"Darunavir"
"ZINC000408625065","[H]c1c([H])c([H])c(C([H])([H])N(C([H])([H])C(=O)N([H])[C@@]([H])(C([H])([H])[H])C([H])([H])OC([H])([H])[H])S(=O)(=O)c2c([H])c([H])c(Cl)c([H])c2[H])c([H])c1[H]",0.2000,"Darunavir"
"ZINC000408625066","[H]c1c([H])c([H])c(C([H])([H])N(C([H])([H])C(=O)N([H])[C@]([H])(C([H])([H])[H])C([H])([H])OC([H])([H])[H])S(=O)(=O)c2c([H])c([H])c(Cl)c([H])c2[H])c([H])c1[H]",0.2000,"Darunavir"
"ZINC000408926338","[H]c1c([H])c(C([H])([H])N(C([H])([H])C(=O)N([H])C([H])([H])C([H])([H])C([H])([H])OC([H])([H])[H])S(=O)(=O)c2c([H])c([H])c(C([H])([H])[H])c([H])c2[H])c([H])c([H])c1C([H])([H])[H]",0.2083,"Darunavir"
"ZINC000409003426","[H]c1c([H])c([H])c(S(=O)(=O)N(C([H])([H])C(=O)N([H])C([H])([H])C([H])([H])C([H])([H])OC([H])([H])[H])C([H])([H])c2c([H])c([H])c(Cl)c([H])c2[H])c([H])c1[H]",0.2041,"Darunavir"
"ZINC000000916038","[H]c1c([H])c(C([H])([H])N(C([H])([H])C(=O)N([H])C([H])([H])[C@]2([H])OC([H])([H])C([H])([H])C2([H])[H])S(=O)(=O)c2c([H])c([H])c(C([H])([H])[H])c([H])c2[H])c([H])c([H])c1C([H])([H])[H]",0.2100,"Darunavir"
"ZINC000000916043","[H]c1c([H])c(C([H])([H])N(C([H])([H])C(=O)N([H])C([H])([H])[C@@]2([H])OC([H])([H])C([H])([H])C2([H])[H])S(=O)(=O)c2c([H])c([H])c(C([H])([H])[H])c([H])c2[H])c([H])c([H])c1C([H])([H])[H]",0.2100,"Darunavir"
"ZINC000039985901","[H]c1c([H])c([H])c(C([H])([H])C([H])([H])[C@@]([H])(N([H])C(=O)C([H])([H])N(C([H])([H])C([H])([H])[H])S(=O)(=O)c2c([H])c([H])c(OC([H])([H])[H])c([H])c2[H])C([H])([H])[H])c([H])c1[H]",0.2000,"Darunavir"
"ZINC000039985902","[H]c1c([H])c([H])c(C([H])([H])C([H])([H])[C@]([H])(N([H])C(=O)C([H])([H])N(C([H])([H])C([H])([H])[H])S(=O)(=O)c2c([H])c([H])c(OC([H])([H])[H])c([H])c2[H])C([H])([H])[H])c([H])c1[H]",0.2000,"Darunavir"
"ZINC000079017700","[H]c1c([H])c(S(=O)(=O)N2C([H])([H])C([H])([H])N(C(=O)OC(C([H])([H])[H])(C([H])([H])[H])C([H])([H])[H])C([H])([H])[C@@]2([H])C#N)c([H])c([H])c1C(F)(F)F",0.2088,"Tipranavir"
"ZINC000079017702","[H]c1c([H])c(S(=O)(=O)N2C([H])([H])C([H])([H])N(C(=O)OC(C([H])([H])[H])(C([H])([H])[H])C([H])([H])[H])C([H])([H])[C@]2([H])C#N)c([H])c([H])c1C(F)(F)F",0.2088,"Tipranavir"
"ZINC000004785188","[H]c1c([H])c(N([H])C(=O)[C@]2([H])N(S(=O)(=O)c3c(C([H])([H])[H])noc3C([H])([H])[H])C([H])([H])C([H])([H])C2([H])[H])c([H])c(C(F)(F)F)c1[H]",0.2020,"Tipranavir"
"ZINC000004785190","[H]c1c([H])c(N([H])C(=O)[C@@]2([H])N(S(=O)(=O)c3c(C([H])([H])[H])noc3C([H])([H])[H])C([H])([H])C([H])([H])C2([H])[H])c([H])c(C(F)(F)F)c1[H]",0.2020,"Tipranavir"
"ZINC000009227409","[H]c1c([H])c([H])c(C([H])([H])C([H])([H])[C@]([H])(N([H])C(=O)C([H])([H])N(C([H])([H])C([H])([H])[H])S(=O)(=O)c2c([H])c([H])c(Cl)c([H])c2[H])C([H])([H])[H])c([H])c1[H]",0.2041,"Darunavir"
"ZINC000009227407","[H]c1c([H])c([H])c(C([H])([H])C([H])([H])[C@@]([H])(N([H])C(=O)C([H])([H])N(C([H])([H])C([H])([H])[H])S(=O)(=O)c2c([H])c([H])c(Cl)c([H])c2[H])C([H])([H])[H])c([H])c1[H]",0.2041,"Darunavir"
"ZINC000071850197","[H]c1sc(S(=O)(=O)N2C([H])([H])C([H])([H])C([H])([H])[C@@]2([H])C(=O)N([H])C([H])([H])c2c([H])c([H])c(C(F)(F)F)c([H])c2[H])c([H])c1[H]",0.2043,"Tipranavir"
"ZINC000010679653","[H]c1c([H])c([H])c(C(=O)N([H])C2([H])C([H])([H])C([H])([H])N(S(=O)(=O)c3c([H])c([H])c(C(F)(F)F)c([H])c3[H])C([H])([H])C2([H])[H])c([H])c1[H]",0.2000,"Tipranavir"
"ZINC000002884207","[H]c1c([H])c([H])c(C([H])([H])N(C([H])([H])C(=O)N([H])C2([H])C([H])([H])C([H])([H])C([H])([H])C2([H])[H])S(=O)(=O)c2c([H])c([H])c(OC([H])([H])[H])c(C([H])([H])[H])c2[H])c([H])c1[H]",0.2019,"Darunavir"
"ZINC000004676562","[H]c1c([H])c([H])c(C([H])([H])C([H])([H])N(C([H])([H])C(=O)N([H])C2([H])C([H])([H])C([H])([H])C([H])([H])C([H])([H])C2([H])[H])S(=O)(=O)c2c([H])c([H])c([H])c([H])c2[H])c([H])c1[H]",0.2021,"Darunavir"
"ZINC000004977041","[H]c1c([H])c([H])c(C([H])([H])C([H])([H])N(C([H])([H])C(=O)N([H])[C@@]([H])(C([H])([H])[H])C([H])([H])C([H])([H])[H])S(=O)(=O)c2c([H])c([H])c(Cl)c([H])c2[H])c([H])c1[H]",0.2020,"Darunavir"
"ZINC000004977040","[H]c1c([H])c([H])c(C([H])([H])C([H])([H])N(C([H])([H])C(=O)N([H])[C@]([H])(C([H])([H])[H])C([H])([H])C([H])([H])[H])S(=O)(=O)c2c([H])c([H])c(Cl)c([H])c2[H])c([H])c1[H]",0.2020,"Darunavir"
"ZINC000026782519","[H]c1c([H])c([H])c2c(c1[H])OC([H])([H])C([H])([H])[C@@]2([H])N([H])C(=O)C([H])([H])C([H])([H])c1c([H])c([H])c(S(=O)(=O)N(C([H])([H])C([H])([H])[H])C([H])([H])C([H])([H])[H])c([H])c1[H]",0.2039,"Darunavir"
"ZINC000026782520","[H]c1c([H])c([H])c2c(c1[H])OC([H])([H])C([H])([H])[C@]2([H])N([H])C(=O)C([H])([H])C([H])([H])c1c([H])c([H])c(S(=O)(=O)N(C([H])([H])C([H])([H])[H])C([H])([H])C([H])([H])[H])c([H])c1[H]",0.2039,"Darunavir"
"ZINC000017301920","[H]c1c([H])c(N([H])C(=O)C([H])([H])C([H])([H])c2c([H])c([H])c(S(=O)(=O)N(C([H])([H])C([H])([H])[H])C([H])([H])C([H])([H])[H])c([H])c2[H])c([H])c2c1OC([H])([H])O2",0.2020,"Darunavir"
"ZINC000032999966","[H]c1c(C([H])([H])C(=O)N([H])[C@]([H])(C([H])([H])[H])C([H])([H])C([H])([H])c2c([H])c([H])c([H])c([H])c2[H])sc(S(=O)(=O)N2C([H])([H])C([H])([H])C([H])([H])C2([H])[H])c1[H]",0.2020,"Darunavir"
"ZINC000032999965","[H]c1c(C([H])([H])C(=O)N([H])[C@@]([H])(C([H])([H])[H])C([H])([H])C([H])([H])c2c([H])c([H])c([H])c([H])c2[H])sc(S(=O)(=O)N2C([H])([H])C([H])([H])C([H])([H])C2([H])[H])c1[H]",0.2020,"Darunavir"
"ZINC000071850196","[H]c1sc(S(=O)(=O)N2C([H])([H])C([H])([H])C([H])([H])[C@]2([H])C(=O)N([H])C([H])([H])c2c([H])c([H])c(C(F)(F)F)c([H])c2[H])c([H])c1[H]",0.2043,"Tipranavir"
"ZINC000012605287","[H]c1c([H])c(C([H])([H])C([H])([H])C(=O)N([H])c2c([H])c([H])c(S(=O)(=O)N(C([H])([H])C([H])([H])[H])C([H])([H])C([H])([H])[H])c([H])c2[H])c([H])c2c1OC([H])([H])O2",0.2000,"Darunavir"
"ZINC000012766454","[H]c1c([H])c(S(=O)(=O)N(C([H])([H])C([H])([H])[H])C([H])([H])C([H])([H])[H])c([H])c(N([H])C(=O)C([H])([H])N([H])c2c([H])c([H])c(C([H])([H])C([H])([H])[H])c([H])c2[H])c1OC([H])([H])[H]",0.2100,"Darunavir"
"ZINC000007975781","[H]c1c([H])c(S(=O)(=O)N(C([H])([H])C([H])([H])[H])C([H])([H])C([H])([H])[H])c([H])c(N([H])C([H])([H])C(=O)N([H])c2c([H])c([H])c(C([H])([H])C([H])([H])[H])c([H])c2[H])c1OC([H])([H])[H]",0.2079,"Darunavir"
"ZINC000096245396","[H]c1c([H])c([H])c(S(=O)(=O)N2C([H])([H])[C@@]3([H])C([H])([H])[N@+]([H])(C([H])([H])c4c([H])c([H])c(C(F)(F)F)c([H])c4[H])C([H])([H])[C@@]3([H])C2([H])[H])c([H])c1[H]",0.2000,"Tipranavir"
"ZINC000019929934","[H]c1c([H])c([H])c(C([H])([H])C([H])([H])[C@]([H])(N([H])C(=O)C([H])([H])N(C([H])([H])C([H])([H])[H])S(=O)(=O)c2c([H])c([H])c(OC([H])([H])[H])c(C([H])([H])[H])c2[H])C([H])([H])[H])c([H])c1[H]",0.2019,"Darunavir"
"ZINC000019929932","[H]c1c([H])c([H])c(C([H])([H])C([H])([H])[C@@]([H])(N([H])C(=O)C([H])([H])N(C([H])([H])C([H])([H])[H])S(=O)(=O)c2c([H])c([H])c(OC([H])([H])[H])c(C([H])([H])[H])c2[H])C([H])([H])[H])c([H])c1[H]",0.2019,"Darunavir"
"ZINC000408533121","[H]c1c([H])c([H])c(C([H])([H])C([H])([H])N(C([H])([H])C(=O)N([H])[C@]([H])(C([H])([H])[H])C([H])([H])C([H])([H])[H])S(=O)(=O)c2c([H])c([H])c(OC([H])([H])[H])c(C([H])([H])[H])c2[H])c([H])c1[H]",0.2000,"Darunavir"
"ZINC000408533124","[H]c1c([H])c([H])c(C([H])([H])C([H])([H])N(C([H])([H])C(=O)N([H])[C@@]([H])(C([H])([H])[H])C([H])([H])C([H])([H])[H])S(=O)(=O)c2c([H])c([H])c(OC([H])([H])[H])c(C([H])([H])[H])c2[H])c([H])c1[H]",0.2000,"Darunavir"
"ZINC000006707166","[H]c1c([H])c([H])c(C([H])([H])N(C([H])([H])C(=O)N([H])[C@@]([H])(C([H])([H])[H])C([H])([H])C([H])([H])[H])S(=O)(=O)c2c([H])c([H])c(OC([H])([H])[H])c(C([H])([H])[H])c2[H])c([H])c1[H]",0.2019,"Darunavir"
"ZINC000012146325","[H]C1=C([H])[C@@]([H])(C(=O)N([H])C2([H])C([H])([H])C([H])([H])C([H])([H])C([H])([H])C2([H])[H])N(S(=O)(=O)c2c([H])c([H])c(C(F)(F)F)c([H])c2[H])C1([H])[H]",0.2045,"Tipranavir"
"ZINC000408549984","[H]c1c([H])c([H])c(C([H])([H])N(C([H])([H])C(=O)N([H])[C@]([H])(C([H])([H])[H])C([H])([H])C([H])([H])C([H])([H])[H])S(=O)(=O)c2c([H])c([H])c(OC([H])([H])[H])c(C([H])([H])[H])c2[H])c([H])c1[H]",0.2019,"Darunavir"
"ZINC000408549985","[H]c1c([H])c([H])c(C([H])([H])N(C([H])([H])C(=O)N([H])[C@@]([H])(C([H])([H])[H])C([H])([H])C([H])([H])C([H])([H])[H])S(=O)(=O)c2c([H])c([H])c(OC([H])([H])[H])c(C([H])([H])[H])c2[H])c([H])c1[H]",0.2019,"Darunavir"
"ZINC000408581869","[H]c1c([H])c([H])c(C([H])([H])N(C([H])([H])C(=O)N([H])[C@]([H])(C([H])([H])[H])C([H])([H])C([H])([H])[H])S(=O)(=O)c2c([H])c([H])c(OC([H])([H])[H])c(Cl)c2[H])c([H])c1[H]",0.2000,"Darunavir"
"ZINC000408581868","[H]c1c([H])c([H])c(C([H])([H])N(C([H])([H])C(=O)N([H])[C@@]([H])(C([H])([H])[H])C([H])([H])C([H])([H])[H])S(=O)(=O)c2c([H])c([H])c(OC([H])([H])[H])c(Cl)c2[H])c([H])c1[H]",0.2000,"Darunavir"
"ZINC000408600670","[H]c1c([H])c([H])c(C([H])([H])C([H])([H])[C@@]([H])(N([H])C(=O)C([H])([H])Oc2c([H])c([H])c(S(=O)(=O)N(C([H])([H])C([H])([H])[H])C([H])([H])C([H])([H])[H])c([H])c2[H])C([H])([H])[H])c([H])c1[H]",0.2165,"Darunavir"
"ZINC000408600669","[H]c1c([H])c([H])c(C([H])([H])C([H])([H])[C@]([H])(N([H])C(=O)C([H])([H])Oc2c([H])c([H])c(S(=O)(=O)N(C([H])([H])C([H])([H])[H])C([H])([H])C([H])([H])[H])c([H])c2[H])C([H])([H])[H])c([H])c1[H]",0.2165,"Darunavir"
"ZINC000408621694","[H]c1c([H])c([H])c(C([H])([H])N(C([H])([H])C(=O)N([H])[C@]([H])(C([H])([H])[H])C([H])([H])C([H])([H])[H])S(=O)(=O)c2c([H])c([H])c(OC([H])([H])C([H])([H])[H])c([H])c2[H])c([H])c1[H]",0.2000,"Darunavir"
"ZINC000408621690","[H]c1c([H])c([H])c(C([H])([H])N(C([H])([H])C(=O)N([H])[C@@]([H])(C([H])([H])[H])C([H])([H])C([H])([H])[H])S(=O)(=O)c2c([H])c([H])c(OC([H])([H])C([H])([H])[H])c([H])c2[H])c([H])c1[H]",0.2000,"Darunavir"
"ZINC000028648053","[H]c1c([H])c(N([H])C(=O)C([H])([H])C([H])([H])c2c([H])c([H])c(S(=O)(=O)N(C([H])([H])C([H])([H])[H])C([H])([H])C([H])([H])[H])c([H])c2[H])c([H])c2c1OC([H])([H])C([H])([H])O2",0.2020,"Darunavir"
"ZINC000059444140","[H]c1c([H])c([H])c(C([H])([H])C([H])([H])N(C([H])([H])C(=O)N([H])C2([H])C([H])([H])C([H])([H])C([H])([H])C2([H])[H])S(=O)(=O)c2c([H])c([H])c(C([H])([H])[H])c([H])c2[H])c([H])c1[H]",0.2020,"Darunavir"
"ZINC000006678212","[H]c1c([H])c([H])c(C([H])([H])N(C([H])([H])C(=O)N([H])[C@]([H])(C([H])([H])[H])C([H])([H])C([H])([H])[H])S(=O)(=O)c2c([H])c([H])c(OC([H])([H])[H])c(C([H])([H])[H])c2[H])c([H])c1[H]",0.2019,"Darunavir"
"ZINC000039986149","[H]c1c([H])c([H])c(C([H])([H])C([H])([H])[C@]([H])(N([H])C(=O)C([H])([H])N(C([H])([H])C([H])([H])[H])S(=O)(=O)c2c([H])c([H])c(OC([H])([H])C([H])([H])[H])c([H])c2[H])C([H])([H])[H])c([H])c1[H]",0.2000,"Darunavir"
"ZINC000039986148","[H]c1c([H])c([H])c(C([H])([H])C([H])([H])[C@@]([H])(N([H])C(=O)C([H])([H])N(C([H])([H])C([H])([H])[H])S(=O)(=O)c2c([H])c([H])c(OC([H])([H])C([H])([H])[H])c([H])c2[H])C([H])([H])[H])c([H])c1[H]",0.2000,"Darunavir"
"ZINC000096245398","[H]c1c([H])c([H])c(S(=O)(=O)N2C([H])([H])[C@]3([H])C([H])([H])[N+]([H])(C([H])([H])c4c([H])c([H])c(C(F)(F)F)c([H])c4[H])C([H])([H])[C@@]3([H])C2([H])[H])c([H])c1[H]",0.2000,"Tipranavir"
"ZINC000096245397","[H]c1c([H])c([H])c(S(=O)(=O)N2C([H])([H])[C@@]3([H])C([H])([H])[N+]([H])(C([H])([H])c4c([H])c([H])c(C(F)(F)F)c([H])c4[H])C([H])([H])[C@]3([H])C2([H])[H])c([H])c1[H]",0.2000,"Tipranavir"
"ZINC000096245396","[H]c1c([H])c([H])c(S(=O)(=O)N2C([H])([H])[C@@]3([H])C([H])([H])[N@@+]([H])(C([H])([H])c4c([H])c([H])c(C(F)(F)F)c([H])c4[H])C([H])([H])[C@@]3([H])C2([H])[H])c([H])c1[H]",0.2000,"Tipranavir"
"ZINC000096340609","[H]c1c([H])c(S(=O)(=O)N2C([H])([H])C([H])([H])C([H])(c3nnc(C(F)(F)F)o3)C([H])([H])C2([H])[H])c([H])c([H])c1C(C([H])([H])[H])(C([H])([H])[H])C([H])([H])[H]",0.2045,"Tipranavir"
"ZINC000007971016","[H]c1c([H])c([H])c(S(=O)(=O)N2C([H])([H])C([H])([H])C([H])([H])C([H])([H])[C@@]2([H])C(=O)N([H])c2c([H])c([H])c(C(F)(F)F)c([H])c2[H])c([H])c1[H]",0.2069,"Tipranavir"
"ZINC000007971015","[H]c1c([H])c([H])c(S(=O)(=O)N2C([H])([H])C([H])([H])C([H])([H])C([H])([H])[C@]2([H])C(=O)N([H])c2c([H])c([H])c(C(F)(F)F)c([H])c2[H])c([H])c1[H]",0.2069,"Tipranavir"
"ZINC000036396160","[H]c1c([H])c(S(=O)(=O)N(C([H])([H])C([H])([H])[H])C([H])([H])C([H])([H])[H])c([H])c([H])c1N([H])C(=O)C([H])([H])N([H])c1c([H])c([H])c(C([H])([H])C([H])([H])C([H])([H])[H])c([H])c1[H]",0.2021,"Darunavir"
"ZINC000001119324","[H]c1c([H])c(N([C@]([H])(C(=O)N([H])c2c([H])c([H])c(C(F)(F)F)c([H])c2[H])C([H])([H])[H])S(=O)(=O)C([H])([H])[H])c([H])c([H])c1OC([H])([H])[H]",0.2045,"Tipranavir"
"ZINC000001119326","[H]c1c([H])c(N([C@@]([H])(C(=O)N([H])c2c([H])c([H])c(C(F)(F)F)c([H])c2[H])C([H])([H])[H])S(=O)(=O)C([H])([H])[H])c([H])c([H])c1OC([H])([H])[H]",0.2045,"Tipranavir"
"ZINC000009217099","[H]c1c([H])c(C(F)(F)F)c([H])c([H])c1N([H])C(=O)[C@@]1([H])N(S(=O)(=O)c2c([H])c([H])c(C([H])([H])[H])c([H])c2[H])C([H])([H])C([H])([H])C1([H])[H]",0.2111,"Tipranavir"
"ZINC000009217098","[H]c1c([H])c(C(F)(F)F)c([H])c([H])c1N([H])C(=O)[C@]1([H])N(S(=O)(=O)c2c([H])c([H])c(C([H])([H])[H])c([H])c2[H])C([H])([H])C([H])([H])C1([H])[H]",0.2111,"Tipranavir"
"ZINC000032909193","[H]c1c(C([H])([H])[H])sc(S(=O)(=O)N2C([H])([H])C([H])([H])C([H])([H])[C@]2([H])C(=O)N([H])c2c([H])c([H])c(C(F)(F)F)c([H])c2[H])c1[H]",0.2043,"Tipranavir"
"ZINC000032909194","[H]c1c(C([H])([H])[H])sc(S(=O)(=O)N2C([H])([H])C([H])([H])C([H])([H])[C@@]2([H])C(=O)N([H])c2c([H])c([H])c(C(F)(F)F)c([H])c2[H])c1[H]",0.2043,"Tipranavir"
"ZINC000013654996","[H]c1c([H])c([H])c(C([H])([H])N2C(=O)N([H])[C@](N([H])C(=O)C3([H])C([H])([H])C([H])([H])C([H])([H])C([H])([H])C3([H])[H])(C(F)(F)F)C2=O)c(Cl)c1[H]",0.2043,"Saquinavir"
"ZINC000013654998","[H]c1c([H])c([H])c(C([H])([H])N2C(=O)N([H])[C@@](N([H])C(=O)C3([H])C([H])([H])C([H])([H])C([H])([H])C([H])([H])C3([H])[H])(C(F)(F)F)C2=O)c(Cl)c1[H]",0.2043,"Saquinavir"
"ZINC000014980934","[H]c1c([H])c(C(F)(F)F)c([H])c([H])c1C(=O)[C@]1([H])C([H])([H])N(S(=O)(=O)c2c(C([H])([H])[H])noc2C([H])([H])[H])C([H])([H])C([H])([H])C1([H])[H]",0.2000,"Tipranavir"
"ZINC000014980932","[H]c1c([H])c(C(F)(F)F)c([H])c([H])c1C(=O)[C@@]1([H])C([H])([H])N(S(=O)(=O)c2c(C([H])([H])[H])noc2C([H])([H])[H])C([H])([H])C([H])([H])C1([H])[H]",0.2000,"Tipranavir"
"ZINC000096319995","[H]c1c([H])c(C(F)(F)F)c([H])c([H])c1N([H])C(=O)c1c(C([H])([H])[H])c(S(=O)(=O)N2C([H])([H])C([H])([H])C([H])([H])C2([H])[H])c(C([H])([H])[H])n1[H]",0.2247,"Tipranavir"
"ZINC000096319974","[H]c1c([H])c(N([H])C(=O)c2c(C([H])([H])[H])c(S(=O)(=O)N3C([H])([H])C([H])([H])C([H])([H])C3([H])[H])c(C([H])([H])[H])n2[H])c([H])c(C(F)(F)F)c1[H]",0.2043,"Tipranavir"
"ZINC000096374458","[H]c1c([H])c(C([H])([H])C([H])([H])C(=O)N2C([H])([H])C([H])([H])C([H])(S(=O)(=O)C([H])([H])C([H])(C([H])([H])[H])C([H])([H])[H])C([H])([H])C2([H])[H])c([H])c([H])c1C(F)(F)F",0.2000,"Tipranavir"
"ZINC000015512300","[H]c1c([H])c(S(=O)(=O)N2C([H])([H])C([H])([H])C([H])([H])[C@@]2([H])C(=O)N([H])c2c([H])c([H])c(C(F)(F)F)c([H])c2[H])c([H])c([H])c1F",0.2045,"Tipranavir"
"ZINC000001143057","[H]c1c([H])c([H])c(S(=O)(=O)N2C([H])([H])C([H])([H])C([H])(C(=O)N([H])c3c([H])c([H])c(C(F)(F)F)c([H])c3[H])C([H])([H])C2([H])[H])c([H])c1[H]",0.2000,"Tipranavir"
"ZINC000058441530","[H]c1c([H])c(C(F)(F)F)c([H])c(S(=O)(=O)N2C([H])([H])C([H])([H])C([H])([H])C([H])([H])[C@@]2([H])C(=O)N2C([H])([H])C([H])([H])C([H])([H])C2([H])[H])c1Cl",0.2069,"Tipranavir"
"ZINC000058441528","[H]c1c([H])c(C(F)(F)F)c([H])c(S(=O)(=O)N2C([H])([H])C([H])([H])C([H])([H])C([H])([H])[C@]2([H])C(=O)N2C([H])([H])C([H])([H])C([H])([H])C2([H])[H])c1Cl",0.2069,"Tipranavir"
"ZINC000226857008","[H]c1c([H])c([H])c(C([H])([H])N(C([H])([H])c2c([H])c([H])c([H])c([H])c2[H])S(=O)(=O)c2c([H])c([H])c(OC([H])([H])[H])c(C(=O)O)c2[H])c([H])c1[H]",0.2000,"Darunavir"
"ZINC000020903285","[H]c1c([H])c([H])c(C([H])([H])C([H])([H])[C@@]([H])(N([H])C(=O)C([H])([H])C([H])([H])c2c([H])c([H])c(S(=O)(=O)N(C([H])([H])C([H])([H])[H])C([H])([H])C([H])([H])[H])c([H])c2[H])C([H])([H])[H])c([H])c1[H]",0.2105,"Darunavir"
"ZINC000020903287","[H]c1c([H])c([H])c(C([H])([H])C([H])([H])[C@]([H])(N([H])C(=O)C([H])([H])C([H])([H])c2c([H])c([H])c(S(=O)(=O)N(C([H])([H])C([H])([H])[H])C([H])([H])C([H])([H])[H])c([H])c2[H])C([H])([H])[H])c([H])c1[H]",0.2105,"Darunavir"
"ZINC000028207661","[H]c1c([H])c(S(=O)(=O)N(C([H])([H])C([H])([H])[H])C([H])([H])C([H])([H])[H])c([H])c(C([H])([H])[H])c1OC([H])([H])C(=O)N([H])c1c([H])c([H])c(C([H])([H])C([H])([H])[H])c([H])c1[H]",0.2000,"Darunavir"
"ZINC000028208146","[H]c1c([H])c(S(=O)(=O)N(C([H])([H])C([H])([H])[H])C([H])([H])C([H])([H])[H])c([H])c(Cl)c1OC([H])([H])C(=O)N([H])c1c([H])c([H])c(C([H])([H])C([H])([H])[H])c([H])c1[H]",0.2000,"Darunavir"
"ZINC000059444141","[H]c1c([H])c([H])c(C([H])([H])C([H])([H])N(C([H])([H])C(=O)N([H])C2([H])C([H])([H])C([H])([H])C([H])([H])C([H])([H])C2([H])[H])S(=O)(=O)c2c([H])c([H])c(C([H])([H])[H])c([H])c2[H])c([H])c1[H]",0.2000,"Darunavir"
"ZINC000006944711","[H]c1c([H])c([H])c(C([H])([H])C([H])([H])N(C([H])([H])C(=O)N([H])[C@]([H])(C([H])([H])[H])C([H])([H])C([H])([H])C([H])([H])[H])S(=O)(=O)c2c([H])c([H])c(C([H])([H])[H])c([H])c2[H])c([H])c1[H]",0.2000,"Darunavir"
"ZINC000006944724","[H]c1c([H])c([H])c(C([H])([H])C([H])([H])N(C([H])([H])C(=O)N([H])[C@]([H])(C([H])([H])[H])C([H])([H])C([H])([H])C([H])([H])[H])S(=O)(=O)c2c([H])c([H])c(Cl)c([H])c2[H])c([H])c1[H]",0.2000,"Darunavir"
"ZINC000006946188","[H]c1c([H])c([H])c(C([H])([H])C([H])([H])N(C([H])([H])C(=O)N([H])[C@@]([H])(C([H])([H])[H])C([H])([H])C([H])([H])C([H])([H])[H])S(=O)(=O)c2c([H])c([H])c(Cl)c([H])c2[H])c([H])c1[H]",0.2000,"Darunavir"
"ZINC000006946181","[H]c1c([H])c([H])c(C([H])([H])C([H])([H])N(C([H])([H])C(=O)N([H])[C@@]([H])(C([H])([H])[H])C([H])([H])C([H])([H])C([H])([H])[H])S(=O)(=O)c2c([H])c([H])c(C([H])([H])[H])c([H])c2[H])c([H])c1[H]",0.2000,"Darunavir"
"ZINC000016479107","[H]c1c([H])c([H])c(C([H])([H])C([H])([H])N(C([H])([H])C(=O)N([H])C2([H])C([H])([H])C([H])([H])C([H])([H])C([H])([H])C([H])([H])C2([H])[H])S(=O)(=O)c2c([H])c([H])c([H])c([H])c2[H])c([H])c1[H]",0.2021,"Darunavir"
"ZINC000016576833","[H]c1c([H])c([H])c(C([H])([H])C([H])([H])N(C([H])([H])C(=O)N([H])[C@]([H])(c2c([H])c([H])c([H])c([H])c2[H])C([H])([H])[H])S(=O)(=O)c2c([H])c([H])c([H])c([H])c2[H])c([H])c1[H]",0.2021,"Darunavir"
"ZINC000016576829","[H]c1c([H])c([H])c(C([H])([H])C([H])([H])N(C([H])([H])C(=O)N([H])[C@@]([H])(c2c([H])c([H])c([H])c([H])c2[H])C([H])([H])[H])S(=O)(=O)c2c([H])c([H])c([H])c([H])c2[H])c([H])c1[H]",0.2021,"Darunavir"
"ZINC000039985871","[H]c1c([H])c([H])c(C([H])([H])C([H])([H])[C@@]([H])(N([H])C(=O)C([H])([H])N(C([H])([H])C([H])([H])[H])S(=O)(=O)c2c([H])c([H])c3c([H])c([H])c([H])c([H])c3c2[H])C([H])([H])[H])c([H])c1[H]",0.2000,"Darunavir"
"ZINC000039985873","[H]c1c([H])c([H])c(C([H])([H])C([H])([H])[C@]([H])(N([H])C(=O)C([H])([H])N(C([H])([H])C([H])([H])[H])S(=O)(=O)c2c([H])c([H])c3c([H])c([H])c([H])c([H])c3c2[H])C([H])([H])[H])c([H])c1[H]",0.2000,"Darunavir"
"ZINC000040059737","[H]c1c([H])c([H])c([C@@]2([H])c3c([H])c([H])c([H])n3C([H])([H])C([H])([H])N2S(=O)(=O)c2c([H])c([H])c(C(F)(F)F)c([H])c2[H])c([H])c1[H]",0.2024,"Tipranavir"
"ZINC000040059736","[H]c1c([H])c([H])c([C@]2([H])c3c([H])c([H])c([H])n3C([H])([H])C([H])([H])N2S(=O)(=O)c2c([H])c([H])c(C(F)(F)F)c([H])c2[H])c([H])c1[H]",0.2024,"Tipranavir"
"ZINC000006844227","[H]c1c(C(F)(F)F)c([H])c(S(=O)(=O)N2C([H])([H])C([H])([H])n3c([H])c([H])c([H])c3[C@]2([H])C([H])([H])[H])c([H])c1C(F)(F)F",0.2048,"Tipranavir"
"ZINC000006844205","[H]c1c(C(F)(F)F)c([H])c(S(=O)(=O)N2C([H])([H])C([H])([H])n3c([H])c([H])c([H])c3[C@@]2([H])C([H])([H])[H])c([H])c1C(F)(F)F",0.2048,"Tipranavir"
"ZINC000007309541","[H]c1c([H])c([C@]2([H])N(S(=O)(=O)c3c([H])c([H])c(C(F)(F)F)c([H])c3[H])C([H])([H])C([H])([H])C2([H])[H])c([H])c2c1OC([H])([H])C([H])([H])O2",0.2093,"Tipranavir"
"ZINC000007309543","[H]c1c([H])c([C@@]2([H])N(S(=O)(=O)c3c([H])c([H])c(C(F)(F)F)c([H])c3[H])C([H])([H])C([H])([H])C2([H])[H])c([H])c2c1OC([H])([H])C([H])([H])O2",0.2093,"Tipranavir"
"ZINC000035392760","[H]c1c([H])c([H])c([C@@]2([H])N(S(=O)(=O)c3c([H])c(C(F)(F)F)c([H])c([H])c3Cl)C([H])([H])C([H])([H])N(C([H])([H])[H])C2([H])[H])c([H])c1[H]",0.2022,"Tipranavir"
"ZINC000001098827","[H]c1c([H])c([H])c(N([C@@]([H])(C(=O)N([H])c2c([H])c(C(F)(F)F)c([H])c([H])c2Cl)C([H])([H])[H])S(=O)(=O)C([H])([H])[H])c([H])c1[H]",0.2000,"Tipranavir"
"ZINC000001098826","[H]c1c([H])c([H])c(N([C@]([H])(C(=O)N([H])c2c([H])c(C(F)(F)F)c([H])c([H])c2Cl)C([H])([H])[H])S(=O)(=O)C([H])([H])[H])c([H])c1[H]",0.2000,"Tipranavir"
"ZINC000034812841","[H]c1c([H])c([H])c2c(c1[H])Oc1c([H])c(C(F)(F)F)c([H])c([H])c1N=C2N1C([H])([H])C([H])([H])N(C(=O)C([H])([H])[H])[C@@]([H])(C([H])([H])[H])C1([H])[H]",0.2000,"Tipranavir"
"ZINC000034812840","[H]c1c([H])c([H])c2c(c1[H])Oc1c([H])c(C(F)(F)F)c([H])c([H])c1N=C2N1C([H])([H])C([H])([H])N(C(=O)C([H])([H])[H])[C@]([H])(C([H])([H])[H])C1([H])[H]",0.2000,"Tipranavir"
"ZINC000012738352","[H]c1c([H])c([C@@]2([H])N(S(=O)(=O)c3c([H])c([H])c(C(F)(F)F)c([H])c3[H])C([H])([H])C([H])([H])C2([H])[H])c([H])c(OC([H])([H])[H])c1OC([H])([H])[H]",0.2022,"Tipranavir"
"ZINC000012738354","[H]c1c([H])c([C@]2([H])N(S(=O)(=O)c3c([H])c([H])c(C(F)(F)F)c([H])c3[H])C([H])([H])C([H])([H])C2([H])[H])c([H])c(OC([H])([H])[H])c1OC([H])([H])[H]",0.2022,"Tipranavir"
"ZINC000035314564","[H]c1c([H])c(C(=O)C2([H])C([H])([H])C([H])([H])N(S(=O)(=O)c3c([H])c([H])c(C(F)(F)F)c([H])c3[H])C([H])([H])C2([H])[H])c([H])c([H])c1F",0.2048,"Tipranavir"
"ZINC000007881121","[H]c1c([H])c(C([H])([H])[H])c(S(=O)(=O)N2C([H])([H])C([H])([H])C([H])([H])C2([H])[H])c([H])c1C(=O)N([H])c1c([H])c([H])c(C(F)(F)F)c([H])c1[H]",0.2045,"Tipranavir"
"ZINC000016161758","[H]c1c([H])c([H])c(C([H])([H])C([H])([H])N(C([H])([H])C(=O)N([H])c2c([H])c([H])c(C([H])([H])C([H])([H])[H])c([H])c2[H])S(=O)(=O)c2c([H])c([H])c([H])c([H])c2[H])c([H])c1[H]",0.2021,"Darunavir"
"ZINC000001703584","[H]c1oc([C@]([H])(OC(=O)N([H])c2c([H])c([H])c(S(=O)(=O)N(C([H])([H])C([H])([H])C([H])([H])[H])C([H])([H])C([H])([H])C([H])([H])[H])c([H])c2[H])C([H])([H])C([H])([H])[H])c([H])c1[H]",0.2000,"Darunavir"
"ZINC000005554948","[H]c1oc([C@@]([H])(OC(=O)N([H])c2c([H])c([H])c(S(=O)(=O)N(C([H])([H])C([H])([H])C([H])([H])[H])C([H])([H])C([H])([H])C([H])([H])[H])c([H])c2[H])C([H])([H])C([H])([H])[H])c([H])c1[H]",0.2000,"Darunavir"
"ZINC000010365453","[H]c1c([H])c(S(=O)(=O)N(C([H])([H])C([H])([H])[H])C([H])([H])C([H])([H])[H])c([H])c([H])c1N([H])C(=O)C([H])([H])C([H])([H])c1c([H])c([H])c(C(C([H])([H])[H])(C([H])([H])[H])C([H])([H])[H])c([H])c1[H]",0.2000,"Darunavir"
"ZINC000003414129","[H]c1c([H])c(C(F)(F)F)c([H])c(S(=O)(=O)N2C([H])([H])C([H])([H])N(C(=O)C([H])([H])N([H])C(=O)N([H])[H])C([H])([H])C2([H])[H])c1Cl",0.2088,"Tipranavir"
"ZINC000032926714","[H]c1c([H])c(C(F)(F)F)c([H])c(S(=O)(=O)N2C([H])([H])C([H])([H])N(C(=O)[C@]([H])(C([H])([H])[H])S(=O)(=O)C([H])([H])[H])C([H])([H])C2([H])[H])c1[H]",0.2069,"Tipranavir"
"ZINC000032926715","[H]c1c([H])c(C(F)(F)F)c([H])c(S(=O)(=O)N2C([H])([H])C([H])([H])N(C(=O)[C@@]([H])(C([H])([H])[H])S(=O)(=O)C([H])([H])[H])C([H])([H])C2([H])[H])c1[H]",0.2069,"Tipranavir"
"ZINC000045944819","[H]c1c([H])c(S(=O)(=O)N(C([H])([H])C([H])([H])C(=O)N2C([H])([H])C([H])([H])N([H])C([H])([H])C2([H])[H])C([H])([H])C([H])([H])C([H])([H])OC([H])([H])[H])c([H])c([H])c1C([H])([H])C([H])(C([H])([H])[H])C([H])([H])[H]",0.2000,"Darunavir"
"ZINC000032833835","[H]c1c([H])c(S(=O)(=O)N([H])c2c([H])c([H])c(S(=O)(=O)N(C([H])([H])C([H])([H])[H])C([H])([H])C([H])([H])[H])c([H])c2[H])c([H])c([H])c1OC([H])([H])C(=O)O",0.2043,"Darunavir"
"ZINC000010912058","[H]c1c([H])c(S(=O)(=O)N2C([H])([H])C([H])([H])N(S(=O)(=O)N(C([H])([H])C([H])([H])[H])C([H])([H])C([H])([H])[H])C([H])([H])C2([H])[H])c([H])c([H])c1C(F)(F)F",0.2000,"Tipranavir"
"ZINC000026753611","[H]c1c([H])c(S(=O)(=O)N2C([H])([H])C([H])([H])N(C(=O)[C@]([H])(N([H])C(=O)N([H])[H])C([H])(C([H])([H])[H])C([H])([H])[H])C([H])([H])C2([H])[H])c([H])c([H])c1C(F)(F)F",0.2088,"Tipranavir"
"ZINC000026753615","[H]c1c([H])c(S(=O)(=O)N2C([H])([H])C([H])([H])N(C(=O)[C@@]([H])(N([H])C(=O)N([H])[H])C([H])(C([H])([H])[H])C([H])([H])[H])C([H])([H])C2([H])[H])c([H])c([H])c1C(F)(F)F",0.2088,"Tipranavir"
"ZINC000045944819","[H]c1c([H])c(S(=O)(=O)N(C([H])([H])C([H])([H])C(=O)N2C([H])([H])C([H])([H])[N+]([H])([H])C([H])([H])C2([H])[H])C([H])([H])C([H])([H])C([H])([H])OC([H])([H])[H])c([H])c([H])c1C([H])([H])C([H])(C([H])([H])[H])C([H])([H])[H]",0.2000,"Darunavir"
"ZINC000012797168","[H]c1c([H])c(S(=O)(=O)N2C([H])([H])C([H])([H])N([C@@]([H])(C(=O)N([H])C3([H])C([H])([H])C([H])([H])C([H])([H])C3([H])[H])C([H])([H])[H])C([H])([H])C2([H])[H])c([H])c([H])c1C(F)(F)F",0.2088,"Tipranavir"
"ZINC000012797173","[H]c1c([H])c(S(=O)(=O)N2C([H])([H])C([H])([H])N([C@]([H])(C(=O)N([H])C3([H])C([H])([H])C([H])([H])C([H])([H])C3([H])[H])C([H])([H])[H])C([H])([H])C2([H])[H])c([H])c([H])c1C(F)(F)F",0.2088,"Tipranavir"
"ZINC000095444641","[H]c1c([H])c(C(F)(F)F)c([H])c([H])c1OC([H])([H])C(=O)N([H])C1([H])C([H])([H])N(S(=O)(=O)c2c([H])c([H])c(OC([H])([H])[H])c([H])c2[H])C1([H])[H]",0.2065,"Tipranavir"
"ZINC000096323290","[H]c1c([H])c(C(F)(F)F)c([H])c([H])c1C(=O)N1C([H])([H])C([H])([H])N(S(=O)(=O)c2c(C([H])([H])[H])nn(C([H])([H])[H])c2C([H])([H])[H])C([H])([H])C1([H])[H]",0.2000,"Tipranavir"
"ZINC000015919290","[H]c1c([H])c([H])c(C([H])([H])N(C([H])([H])C(=O)N([H])C([H])([H])[C@]2([H])OC([H])([H])C([H])([H])C2([H])[H])S(=O)(=O)c2c([H])c([H])c(OC([H])([H])[H])c(C([H])([H])[H])c2[H])c([H])c1[H]",0.2130,"Darunavir"
"ZINC000015919289","[H]c1c([H])c([H])c(C([H])([H])N(C([H])([H])C(=O)N([H])C([H])([H])[C@@]2([H])OC([H])([H])C([H])([H])C2([H])[H])S(=O)(=O)c2c([H])c([H])c(OC([H])([H])[H])c(C([H])([H])[H])c2[H])c([H])c1[H]",0.2130,"Darunavir"
"ZINC000000857069","[H]c1c([H])c([H])c(C([H])([H])C([H])([H])N(C([H])([H])C(=O)N([H])C([H])([H])[C@]2([H])OC([H])([H])C([H])([H])C2([H])[H])S(=O)(=O)c2c([H])c([H])c(OC([H])([H])[H])c([H])c2[H])c([H])c1[H]",0.2095,"Darunavir"
"ZINC000000857071","[H]c1c([H])c([H])c(C([H])([H])C([H])([H])N(C([H])([H])C(=O)N([H])C([H])([H])[C@@]2([H])OC([H])([H])C([H])([H])C2([H])[H])S(=O)(=O)c2c([H])c([H])c(OC([H])([H])[H])c([H])c2[H])c([H])c1[H]",0.2095,"Darunavir"
"ZINC000021886691","[H]c1c([H])c(C([H])([H])N([H])C(=O)C([H])([H])N([H])c2c([H])c([H])c(S(=O)(=O)N(C([H])([H])C([H])([H])[H])C([H])([H])C([H])([H])[H])c([H])c2[H])c([H])c(OC([H])([H])[H])c1OC([H])([H])[H]",0.2000,"Darunavir"
"ZINC000009493965","[H]c1c([H])c([H])c(S(=O)(=O)N(C([H])([H])C(=O)N([H])c2c([H])c([H])c(N3C([H])([H])C([H])([H])OC([H])([H])C3([H])[H])c([H])c2[H])C([H])([H])C([H])([H])C([H])([H])OC([H])([H])[H])c([H])c1[H]",0.2019,"Darunavir"
"ZINC000033647903","[H]c1c([H])c([H])c(C([H])([H])N(C([H])([H])C(=O)N([H])C([H])([H])[C@@]2([H])OC([H])([H])C([H])([H])C2([H])[H])S(=O)(=O)c2c([H])c([H])c(OC([H])([H])[H])c(OC([H])([H])[H])c2[H])c([H])c1[H]",0.2170,"Darunavir"
"ZINC000033647906","[H]c1c([H])c([H])c(C([H])([H])N(C([H])([H])C(=O)N([H])C([H])([H])[C@]2([H])OC([H])([H])C([H])([H])C2([H])[H])S(=O)(=O)c2c([H])c([H])c(OC([H])([H])[H])c(OC([H])([H])[H])c2[H])c([H])c1[H]",0.2170,"Darunavir"
"ZINC000222818440","[H]c1c([H])c(S(=O)(=O)N(C([H])([H])C([H])([H])[H])C([H])([H])C([H])([H])[H])c([H])c(C([H])([H])[H])c1OC([H])([H])C(=O)N([H])c1c([H])c([H])c(C([H])([H])C(=O)N([H])[H])c([H])c1[H]",0.2019,"Darunavir"
"ZINC000022227429","[H]c1c([H])c(C([H])([H])C(=O)N([H])C([H])([H])C([H])([H])c2c([H])c([H])c(S(=O)(=O)N(C([H])([H])C([H])([H])[H])C([H])([H])C([H])([H])[H])c([H])c2[H])c([H])c2c1OC([H])([H])C([H])([H])O2",0.2020,"Darunavir"
"ZINC000408767544","[H]c1c([H])c([H])c(C([H])([H])N(C([H])([H])C(=O)N([H])C([H])([H])C([H])([H])C([H])([H])OC([H])([H])[H])S(=O)(=O)c2c([H])c([H])c(OC([H])([H])[H])c(OC([H])([H])[H])c2[H])c([H])c1[H]",0.2079,"Darunavir"
"ZINC000408553406","[H]c1c([H])c([H])c(C([H])([H])C([H])([H])N(C([H])([H])C(=O)N([H])C([H])([H])C([H])([H])C([H])([H])OC([H])([H])[H])S(=O)(=O)c2c([H])c([H])c(OC([H])([H])[H])c(C([H])([H])[H])c2[H])c([H])c1[H]",0.2019,"Darunavir"
"ZINC000020021229","[H]c1c([H])c(S(=O)(=O)N(C([H])([H])C([H])([H])[H])C([H])([H])C([H])([H])[H])c([H])c([H])c1OC([H])([H])C(=O)N([H])C([H])([H])c1c([H])c([H])c(OC([H])([H])[H])c(OC([H])([H])[H])c1[H]",0.2000,"Darunavir"
"ZINC000408618309","[H]c1c([H])c([H])c(C([H])([H])N(C([H])([H])C(=O)N([H])[C@@]([H])(C([H])([H])[H])C([H])([H])OC([H])([H])[H])S(=O)(=O)c2c([H])c([H])c(OC([H])([H])[H])c(OC([H])([H])[H])c2[H])c([H])c1[H]",0.2039,"Darunavir"
"ZINC000408618310","[H]c1c([H])c([H])c(C([H])([H])N(C([H])([H])C(=O)N([H])[C@]([H])(C([H])([H])[H])C([H])([H])OC([H])([H])[H])S(=O)(=O)c2c([H])c([H])c(OC([H])([H])[H])c(OC([H])([H])[H])c2[H])c([H])c1[H]",0.2039,"Darunavir"
"ZINC000065225071","[H]c1c([H])c([H])c(S(=O)(=O)N2C([H])([H])[C@@]3([H])O[C@]([H])(C([H])([H])N(C(=O)c4c([H])c([H])c(C(F)(F)F)c([H])c4[H])C3([H])[H])C2([H])[H])c([H])c1[H]",0.2000,"Tipranavir"
"ZINC000252477004","[H]c1c([H])c(S(=O)(=O)N2C([H])([H])C([H])([H])N(C(=O)[C@@]3([H])C([H])([H])[C@]([H])(C([H])([H])[H])O[C@]([H])(C([H])([H])[H])C3([H])[H])C([H])([H])C2([H])[H])c([H])c([H])c1C(F)(F)F",0.2069,"Tipranavir"
"ZINC000025740383","[H]c1c([H])c([H])c(-c2c([H])c([H])c(C(F)(F)F)c([H])c2[H])c(C(=O)N2C([H])([H])C([H])([H])N(S(=O)(=O)N(C([H])([H])[H])C([H])([H])[H])C([H])([H])C2([H])[H])c1[H]",0.2143,"Tipranavir"
"ZINC000009085921","[H]c1c([H])c([H])c(C([H])([H])C([H])([H])N(C([H])([H])C(=O)N([H])C([H])([H])[C@@]2([H])OC([H])([H])C([H])([H])C2([H])[H])S(=O)(=O)c2c([H])c([H])c(Cl)c([H])c2[H])c([H])c1[H]",0.2059,"Darunavir"
"ZINC000009085922","[H]c1c([H])c([H])c(C([H])([H])C([H])([H])N(C([H])([H])C(=O)N([H])C([H])([H])[C@]2([H])OC([H])([H])C([H])([H])C2([H])[H])S(=O)(=O)c2c([H])c([H])c(Cl)c([H])c2[H])c([H])c1[H]",0.2059,"Darunavir"
"ZINC000095455456","[H]c1c([H])c(S(=O)(=O)N2C([H])([H])C([H])([H])N(C(=O)C3([H])C([H])([H])[C@@]([H])(C([H])([H])[H])O[C@]([H])(C([H])([H])[H])C3([H])[H])C([H])([H])C2([H])[H])c([H])c([H])c1C(F)(F)F",0.2069,"Tipranavir"
"ZINC000095455455","[H]c1c([H])c(S(=O)(=O)N2C([H])([H])C([H])([H])N(C(=O)C3([H])C([H])([H])[C@]([H])(C([H])([H])[H])O[C@@]([H])(C([H])([H])[H])C3([H])[H])C([H])([H])C2([H])[H])c([H])c([H])c1C(F)(F)F",0.2069,"Tipranavir"
"ZINC000013056461","[H]c1c([H])c(C(F)(F)F)c([H])c(S(=O)(=O)N2C([H])([H])C([H])([H])N(C([H])([H])C(=O)N(C([H])(C([H])([H])[H])C([H])([H])[H])C([H])(C([H])([H])[H])C([H])([H])[H])C([H])([H])C2([H])[H])c1[H]",0.2000,"Tipranavir"
"ZINC000009441646","[H]c1c([H])c(S(=O)(=O)N2C([H])([H])C([H])([H])C([H])([H])C2([H])[H])c([H])c([H])c1N([H])C(=O)[C@]([H])(n1c([H])c(C(F)(F)F)c([H])c([H])c1=O)C([H])([H])[H]",0.2065,"Tipranavir"
"ZINC000009441642","[H]c1c([H])c(S(=O)(=O)N2C([H])([H])C([H])([H])C([H])([H])C2([H])[H])c([H])c([H])c1N([H])C(=O)[C@@]([H])(n1c([H])c(C(F)(F)F)c([H])c([H])c1=O)C([H])([H])[H]",0.2065,"Tipranavir"
"ZINC000012850790","[H]c1c([H])c(C([H])([H])N([H])C(=O)[C@]2([H])N(S(=O)(=O)c3c(C([H])([H])[H])noc3C([H])([H])[H])C([H])([H])C([H])([H])C2([H])[H])c([H])c([H])c1C(F)(F)F",0.2245,"Tipranavir"
"ZINC000012850796","[H]c1c([H])c(C([H])([H])N([H])C(=O)[C@@]2([H])N(S(=O)(=O)c3c(C([H])([H])[H])noc3C([H])([H])[H])C([H])([H])C([H])([H])C2([H])[H])c([H])c([H])c1C(F)(F)F",0.2245,"Tipranavir"
"ZINC000000857047","[H]c1c([H])c([H])c(C([H])([H])N(C([H])([H])C(=O)N([H])C2([H])C([H])([H])C([H])([H])C([H])([H])C2([H])[H])S(=O)(=O)c2c([H])c([H])c(OC([H])([H])[H])c(OC([H])([H])[H])c2[H])c([H])c1[H]",0.2059,"Darunavir"
"ZINC000000924344","[H]c1c([H])c(C([H])([H])N(C([H])([H])[C@@]2([H])OC([H])([H])C([H])([H])C2([H])[H])S(=O)(=O)c2c([H])c([H])c(C(=O)O)c([H])c2[H])c([H])c(OC([H])([H])[H])c1OC([H])([H])[H]",0.2136,"Darunavir"
"ZINC000000924342","[H]c1c([H])c(C([H])([H])N(C([H])([H])[C@]2([H])OC([H])([H])C([H])([H])C2([H])[H])S(=O)(=O)c2c([H])c([H])c(C(=O)O)c([H])c2[H])c([H])c(OC([H])([H])[H])c1OC([H])([H])[H]",0.2136,"Darunavir"
"ZINC000408636159","[H]c1c([H])c([H])c(C([H])([H])N(C([H])([H])C(=O)N([H])C([H])([H])[C@@]2([H])OC([H])([H])C([H])([H])C2([H])[H])S(=O)(=O)c2c([H])c([H])c(OC([H])([H])C([H])([H])[H])c([H])c2[H])c([H])c1[H]",0.2095,"Darunavir"
"ZINC000408636160","[H]c1c([H])c([H])c(C([H])([H])N(C([H])([H])C(=O)N([H])C([H])([H])[C@]2([H])OC([H])([H])C([H])([H])C2([H])[H])S(=O)(=O)c2c([H])c([H])c(OC([H])([H])C([H])([H])[H])c([H])c2[H])c([H])c1[H]",0.2095,"Darunavir"
"ZINC000010301528","[H]c1c([H])c([H])c(C([H])([H])N(C([H])([H])C(=O)N([H])C([H])([H])[C@@]2([H])OC([H])([H])C([H])([H])C2([H])[H])S(=O)(=O)c2c([H])c([H])c(OC([H])([H])C([H])([H])[H])c(C([H])([H])[H])c2[H])c([H])c1[H]",0.2091,"Darunavir"
"ZINC000010301534","[H]c1c([H])c([H])c(C([H])([H])N(C([H])([H])C(=O)N([H])C([H])([H])[C@]2([H])OC([H])([H])C([H])([H])C2([H])[H])S(=O)(=O)c2c([H])c([H])c(OC([H])([H])C([H])([H])[H])c(C([H])([H])[H])c2[H])c([H])c1[H]",0.2091,"Darunavir"
"ZINC000033633475","[H]c1c([H])c([H])c(C([H])([H])N(C([H])([H])C(=O)N([H])C([H])([H])C([H])([H])C([H])([H])OC([H])([H])[H])S(=O)(=O)c2c([H])c([H])c(OC([H])([H])[H])c(Cl)c2[H])c([H])c1[H]",0.2019,"Darunavir"
"ZINC000514288717","[H]c1c([H])c([H])c(S(=O)(=O)N2C([H])([H])[C@]3([H])Oc4c([H])c([H])c(C(F)(F)F)c([H])c4C(=O)N(C([H])([H])[H])[C@]3([H])C2([H])[H])c([H])c1[H]",0.2065,"Tipranavir"
"ZINC000017097389","[H]c1c([H])c(C([H])([H])N(C([H])([H])C(=O)N([H])C([H])([H])C([H])([H])OC([H])([H])[H])S(=O)(=O)c2c([H])c([H])c(Cl)c([H])c2[H])c([H])c([H])c1Cl",0.2000,"Darunavir"
"ZINC000001367534","[H]c1c([H])c(S(=O)(=O)N2C([H])([H])C([H])([H])N(S(=O)(=O)c3c([H])c([H])c(C(F)(F)F)c([H])c3[H])C([H])([H])C2([H])[H])c([H])c([H])c1C([H])([H])[H]",0.2162,"Tipranavir"
"ZINC000059444200","[H]c1c([H])c([H])c(C([H])([H])C([H])([H])N(C([H])([H])C(=O)N([H])C2([H])C([H])([H])C([H])([H])C([H])([H])C2([H])[H])S(=O)(=O)c2c([H])c([H])c(OC([H])([H])[H])c(OC([H])([H])[H])c2[H])c([H])c1[H]",0.2039,"Darunavir"
"ZINC000408781783","[H]c1c([H])c([H])c(C([H])([H])C([H])([H])N(C([H])([H])C(=O)N([H])[C@@]([H])(C([H])([H])[H])C([H])([H])C([H])([H])[H])S(=O)(=O)c2c([H])c([H])c(OC([H])([H])[H])c(OC([H])([H])[H])c2[H])c([H])c1[H]",0.2059,"Darunavir"
"ZINC000408781785","[H]c1c([H])c([H])c(C([H])([H])C([H])([H])N(C([H])([H])C(=O)N([H])[C@]([H])(C([H])([H])[H])C([H])([H])C([H])([H])[H])S(=O)(=O)c2c([H])c([H])c(OC([H])([H])[H])c(OC([H])([H])[H])c2[H])c([H])c1[H]",0.2059,"Darunavir"
"ZINC000408551822","[H]c1c([H])c([H])c(C([H])([H])C([H])([H])N(C([H])([H])C(=O)N([H])C([H])([H])[C@@]2([H])OC([H])([H])C([H])([H])C2([H])[H])S(=O)(=O)c2c([H])c([H])c(OC([H])([H])[H])c(C([H])([H])[H])c2[H])c([H])c1[H]",0.2110,"Darunavir"
"ZINC000408551827","[H]c1c([H])c([H])c(C([H])([H])C([H])([H])N(C([H])([H])C(=O)N([H])C([H])([H])[C@]2([H])OC([H])([H])C([H])([H])C2([H])[H])S(=O)(=O)c2c([H])c([H])c(OC([H])([H])[H])c(C([H])([H])[H])c2[H])c([H])c1[H]",0.2110,"Darunavir"
"ZINC000072395560","[H]c1c([H])c([H])c2c(c1[H])C(=O)N([H])[C@]1([H])C([H])([H])N(S(=O)(=O)c3c([H])c([H])c([H])c(C(F)(F)F)c3[H])C([H])([H])[C@]1(C([H])([H])[H])C2=O",0.2021,"Tipranavir"
"ZINC000009869104","[H]c1c([H])c(S(=O)(=O)N2C([H])([H])C([H])([H])N(C(=O)N([H])[C@]3([H])C([H])([H])C([H])([H])[C@]([H])(C([H])([H])[H])C([H])([H])C3([H])[H])C([H])([H])C2([H])[H])c([H])c([H])c1C(F)(F)F",0.2022,"Tipranavir"
"ZINC000024864864","[H]c1c([H])c([H])c(N([H])C(=O)[C@]([H])(N2C([H])([H])C([H])([H])N(S(=O)(=O)c3c([H])c([H])c(C(F)(F)F)c([H])c3[H])C([H])([H])C2([H])[H])C([H])([H])[H])c([H])c1[H]",0.2022,"Tipranavir"
"ZINC000024864871","[H]c1c([H])c([H])c(N([H])C(=O)[C@@]([H])(N2C([H])([H])C([H])([H])N(S(=O)(=O)c3c([H])c([H])c(C(F)(F)F)c([H])c3[H])C([H])([H])C2([H])[H])C([H])([H])[H])c([H])c1[H]",0.2022,"Tipranavir"
"ZINC000096025561","[H]c1c([H])c([H])c(S(=O)(=O)C([H])([H])[C@]2([H])N(S(=O)(=O)c3c([H])c([H])c(C(F)(F)F)c([H])c3[H])C([H])([H])C([H])([H])C2([H])[H])c([H])c1[H]",0.2024,"Tipranavir"
"ZINC000096025560","[H]c1c([H])c([H])c(S(=O)(=O)C([H])([H])[C@@]2([H])N(S(=O)(=O)c3c([H])c([H])c(C(F)(F)F)c([H])c3[H])C([H])([H])C([H])([H])C2([H])[H])c([H])c1[H]",0.2024,"Tipranavir"
"ZINC000028049966","[H]c1oc(C([H])([H])N([H])C(=O)[C@]2([H])N(S(=O)(=O)c3c([H])c(C(F)(F)F)c([H])c([H])c3Cl)C([H])([H])C([H])([H])C2([H])[H])c([H])c1[H]",0.2062,"Tipranavir"
"ZINC000028049967","[H]c1oc(C([H])([H])N([H])C(=O)[C@@]2([H])N(S(=O)(=O)c3c([H])c(C(F)(F)F)c([H])c([H])c3Cl)C([H])([H])C([H])([H])C2([H])[H])c([H])c1[H]",0.2062,"Tipranavir"
"ZINC000038556507","[H]c1c([H])c([H])c(C([H])([H])C([H])([H])N(C([H])([H])C(=O)N([H])C2([H])C([H])([H])C([H])([H])C([H])([H])C2([H])[H])S(=O)(=O)c2c([H])c([H])c(OC([H])([H])[H])c(C([H])([H])[H])c2[H])c([H])c1[H]",0.2000,"Darunavir"
"ZINC000015386089","[H]c1c(C(F)(F)F)c([H])c(S(=O)(=O)N2C([H])([H])C([H])([H])N(C(=O)[C@]3([H])C([H])([H])[C@@]3([H])C([H])([H])[H])C([H])([H])C2([H])[H])c([H])c1C(F)(F)F",0.2000,"Tipranavir"
"ZINC000009096930","[H]c1c([H])c([H])c(C([H])([H])C([H])([H])[C@]([H])(N([H])C(=O)C([H])([H])OC(=O)c2c([H])c([H])c(S(=O)(=O)N(C([H])([H])C([H])([H])[H])C([H])([H])C([H])([H])[H])c([H])c2[H])C([H])([H])[H])c([H])c1[H]",0.2000,"Darunavir"
"ZINC000009096929","[H]c1c([H])c([H])c(C([H])([H])C([H])([H])[C@@]([H])(N([H])C(=O)C([H])([H])OC(=O)c2c([H])c([H])c(S(=O)(=O)N(C([H])([H])C([H])([H])[H])C([H])([H])C([H])([H])[H])c([H])c2[H])C([H])([H])[H])c([H])c1[H]",0.2000,"Darunavir"
"ZINC000009314506","[H]c1c([H])c(S(=O)(=O)N(C([H])([H])C([H])([H])[H])C([H])([H])C([H])([H])[H])c([H])c(N([H])C([H])([H])C(=O)N([H])[C@]23C([H])([H])[C@@]4([H])C([H])([H])[C@]([H])(C([H])([H])[C@]([H])(C4([H])[H])C2([H])[H])C3([H])[H])c1OC([H])([H])[H]",0.2000,"Darunavir"
"ZINC000015386088","[H]c1c(C(F)(F)F)c([H])c(S(=O)(=O)N2C([H])([H])C([H])([H])N(C(=O)[C@@]3([H])C([H])([H])[C@]3([H])C([H])([H])[H])C([H])([H])C2([H])[H])c([H])c1C(F)(F)F",0.2000,"Tipranavir"
"ZINC000015386087","[H]c1c(C(F)(F)F)c([H])c(S(=O)(=O)N2C([H])([H])C([H])([H])N(C(=O)[C@@]3([H])C([H])([H])[C@@]3([H])C([H])([H])[H])C([H])([H])C2([H])[H])c([H])c1C(F)(F)F",0.2000,"Tipranavir"
"ZINC000015386090","[H]c1c(C(F)(F)F)c([H])c(S(=O)(=O)N2C([H])([H])C([H])([H])N(C(=O)[C@]3([H])C([H])([H])[C@]3([H])C([H])([H])[H])C([H])([H])C2([H])[H])c([H])c1C(F)(F)F",0.2000,"Tipranavir"
"ZINC000009806700","[H]c1c([H])c(S(=O)(=O)N2C([H])([H])C([H])([H])C([H])([H])[C@@]2([H])C([H])([H])N([H])C(=O)c2c([H])c([H])c(C(F)(F)F)c([H])c2[H])c([H])c([H])c1OC([H])([H])[H]",0.2000,"Tipranavir"
"ZINC000009806695","[H]c1c([H])c(S(=O)(=O)N2C([H])([H])C([H])([H])C([H])([H])[C@]2([H])C([H])([H])N([H])C(=O)c2c([H])c([H])c(C(F)(F)F)c([H])c2[H])c([H])c([H])c1OC([H])([H])[H]",0.2000,"Tipranavir"
"ZINC000000885023","[H]c1c([H])c([H])c(C([H])([H])N(C([H])([H])C(=O)N([H])C2([H])C([H])([H])C([H])([H])C([H])([H])C([H])([H])C2([H])[H])S(=O)(=O)c2c([H])c([H])c(OC([H])([H])[H])c(OC([H])([H])[H])c2[H])c([H])c1[H]",0.2039,"Darunavir"
"ZINC000000920759","[H]c1c([H])c(S(=O)(=O)N(C([H])([H])C(=O)N([H])C([H])([H])[C@@]2([H])OC([H])([H])C([H])([H])C2([H])[H])C([H])([H])c2c([H])c([H])c(C([H])([H])[H])c([H])c2[H])c([H])c([H])c1Cl",0.2000,"Darunavir"
"ZINC000000920757","[H]c1c([H])c(S(=O)(=O)N(C([H])([H])C(=O)N([H])C([H])([H])[C@]2([H])OC([H])([H])C([H])([H])C2([H])[H])C([H])([H])c2c([H])c([H])c(C([H])([H])[H])c([H])c2[H])c([H])c([H])c1Cl",0.2000,"Darunavir"
"ZINC000012919449","[H]c1c([H])c(S(=O)(=O)N2C([H])([H])C([H])([H])C([H])([H])[C@@]2([H])C(=O)N([H])C([H])([H])c2c([H])c([H])c(C(F)(F)F)c([H])c2[H])c([H])c([H])c1F",0.2088,"Tipranavir"
"ZINC000012919446","[H]c1c([H])c(S(=O)(=O)N2C([H])([H])C([H])([H])C([H])([H])[C@]2([H])C(=O)N([H])C([H])([H])c2c([H])c([H])c(C(F)(F)F)c([H])c2[H])c([H])c([H])c1F",0.2088,"Tipranavir"
"ZINC000012382586","[H]c1c([H])c([H])c(C([H])([H])C([H])([H])N(C([H])([H])C(=O)N([H])C([H])(C([H])([H])[H])C([H])([H])[H])S(=O)(=O)c2c([H])c([H])c(Br)c([H])c2[H])c([H])c1[H]",0.2000,"Darunavir"
"ZINC000012793038","[H]c1c([H])c([H])c(O[C@@]([H])(C(=O)N2C([H])([H])C([H])([H])N(S(=O)(=O)c3c([H])c([H])c(C(F)(F)F)c([H])c3[H])C([H])([H])C2([H])[H])C([H])([H])[H])c([H])c1[H]",0.2045,"Tipranavir"
"ZINC000012793042","[H]c1c([H])c([H])c(O[C@]([H])(C(=O)N2C([H])([H])C([H])([H])N(S(=O)(=O)c3c([H])c([H])c(C(F)(F)F)c([H])c3[H])C([H])([H])C2([H])[H])C([H])([H])[H])c([H])c1[H]",0.2045,"Tipranavir"
"ZINC000409391480","[H]c1c([H])c([H])c(C([H])([H])N(C([H])([H])C(=O)N([H])[C@]([H])(C([H])([H])[H])C([H])([H])C([H])([H])C([H])([H])[H])S(=O)(=O)c2c([H])c([H])c(OC([H])([H])[H])c(OC([H])([H])[H])c2[H])c([H])c1[H]",0.2059,"Darunavir"
"ZINC000409391460","[H]c1c([H])c([H])c(C([H])([H])C([H])([H])N(C([H])([H])C(=O)N([H])[C@]([H])(C([H])([H])[H])C([H])([H])C([H])([H])C([H])([H])[H])S(=O)(=O)c2c([H])c([H])c(OC([H])([H])[H])c(OC([H])([H])[H])c2[H])c([H])c1[H]",0.2039,"Darunavir"
"ZINC000409391461","[H]c1c([H])c([H])c(C([H])([H])C([H])([H])N(C([H])([H])C(=O)N([H])[C@@]([H])(C([H])([H])[H])C([H])([H])C([H])([H])C([H])([H])[H])S(=O)(=O)c2c([H])c([H])c(OC([H])([H])[H])c(OC([H])([H])[H])c2[H])c([H])c1[H]",0.2039,"Darunavir"
"ZINC000409391479","[H]c1c([H])c([H])c(C([H])([H])N(C([H])([H])C(=O)N([H])[C@@]([H])(C([H])([H])[H])C([H])([H])C([H])([H])C([H])([H])[H])S(=O)(=O)c2c([H])c([H])c(OC([H])([H])[H])c(OC([H])([H])[H])c2[H])c([H])c1[H]",0.2059,"Darunavir"
"ZINC000408703969","[H]c1c([H])c(N([C@]([H])(C(=O)N([H])c2c([H])c([H])c(C(F)(F)F)c([H])c2[H])C([H])([H])[H])S(=O)(=O)C([H])([H])[H])c([H])c2c1OC([H])([H])C([H])([H])O2",0.2043,"Tipranavir"
"ZINC000408703968","[H]c1c([H])c(N([C@@]([H])(C(=O)N([H])c2c([H])c([H])c(C(F)(F)F)c([H])c2[H])C([H])([H])[H])S(=O)(=O)C([H])([H])[H])c([H])c2c1OC([H])([H])C([H])([H])O2",0.2043,"Tipranavir"
"ZINC000057761894","[H]c1sc(-c2nnn(C([H])([H])[C@]3([H])N(S(=O)(=O)c4c([H])c([H])c(C(F)(F)F)c([H])c4[H])C([H])([H])C([H])([H])C3([H])[H])n2)c([H])c1[H]",0.2105,"Tipranavir"
"ZINC000408971394","[H]c1c([H])c(C([H])([H])N(C([H])([H])C(=O)N([H])C([H])([H])C([H])([H])C([H])([H])OC([H])([H])[H])S(=O)(=O)c2c([H])c([H])c(Cl)c([H])c2[H])c([H])c([H])c1Cl",0.2083,"Darunavir"
"ZINC000019930350","[H]c1c([H])c([H])c(C([H])([H])C([H])([H])[C@@]([H])(N([H])C(=O)C([H])([H])N(C([H])([H])C([H])([H])[H])S(=O)(=O)c2c([H])c([H])c(OC([H])([H])[H])c(Cl)c2[H])C([H])([H])[H])c([H])c1[H]",0.2000,"Darunavir"
"ZINC000019930352","[H]c1c([H])c([H])c(C([H])([H])C([H])([H])[C@]([H])(N([H])C(=O)C([H])([H])N(C([H])([H])C([H])([H])[H])S(=O)(=O)c2c([H])c([H])c(OC([H])([H])[H])c(Cl)c2[H])C([H])([H])[H])c([H])c1[H]",0.2000,"Darunavir"
"ZINC000408606255","[H]c1c([H])c([H])c(N([H])C(=O)C([H])([H])Oc2c([H])c([H])c(S(=O)(=O)N(C([H])([H])C([H])([H])[H])C([H])([H])C([H])([H])[H])c([H])c2[H])c(Br)c1[H]",0.2000,"Darunavir"
"ZINC000408621450","[H]c1c([H])c(C([H])([H])N(C([H])([H])C(=O)N([H])[C@@]([H])(C([H])([H])[H])C([H])([H])OC([H])([H])[H])S(=O)(=O)c2c([H])c([H])c(Cl)c([H])c2[H])c([H])c([H])c1Cl",0.2041,"Darunavir"
"ZINC000408621453","[H]c1c([H])c(C([H])([H])N(C([H])([H])C(=O)N([H])[C@]([H])(C([H])([H])[H])C([H])([H])OC([H])([H])[H])S(=O)(=O)c2c([H])c([H])c(Cl)c([H])c2[H])c([H])c([H])c1Cl",0.2041,"Darunavir"
"ZINC000085423434","[H]c1c([H])c(C(F)(F)F)c(S(=O)(=O)N2C([H])([H])C([H])([H])C([H])(C(=O)OC([H])([H])C([H])([H])[H])C([H])([H])C2([H])[H])c([H])c1C(F)(F)F",0.2000,"Tipranavir"
"ZINC000012809650","[H]c1c([H])c(-c2c([H])c([H])c(N([H])C(=O)C3([H])C([H])([H])C([H])([H])N(S(=O)(=O)C([H])([H])[H])C([H])([H])C3([H])[H])c([H])c2[H])c([H])c(C(F)(F)F)c1[H]",0.2000,"Tipranavir"
"ZINC000089904834","[H]O[C@@](c1c([H])c([H])c(OC([H])([H])[H])c([H])c1[H])(C([H])([H])[H])[C@@]1([H])N(S(=O)(=O)c2c([H])c([H])c(C(F)(F)F)c([H])c2[H])C([H])([H])C([H])([H])C1([H])[H]",0.2111,"Tipranavir"
"ZINC000089904837","[H]O[C@](c1c([H])c([H])c(OC([H])([H])[H])c([H])c1[H])(C([H])([H])[H])[C@]1([H])N(S(=O)(=O)c2c([H])c([H])c(C(F)(F)F)c([H])c2[H])C([H])([H])C([H])([H])C1([H])[H]",0.2111,"Tipranavir"
"ZINC000089904835","[H]O[C@](c1c([H])c([H])c(OC([H])([H])[H])c([H])c1[H])(C([H])([H])[H])[C@@]1([H])N(S(=O)(=O)c2c([H])c([H])c(C(F)(F)F)c([H])c2[H])C([H])([H])C([H])([H])C1([H])[H]",0.2111,"Tipranavir"
"ZINC000089904836","[H]O[C@@](c1c([H])c([H])c(OC([H])([H])[H])c([H])c1[H])(C([H])([H])[H])[C@]1([H])N(S(=O)(=O)c2c([H])c([H])c(C(F)(F)F)c([H])c2[H])C([H])([H])C([H])([H])C1([H])[H]",0.2111,"Tipranavir"
"ZINC000026569930","[H]c1c(C([H])([H])[H])sc(S(=O)(=O)N2C([H])([H])C([H])([H])C([H])([H])[C@]2([H])C(=O)N([H])C([H])([H])c2c([H])c([H])c(C(F)(F)F)c([H])c2[H])c1[H]",0.2083,"Tipranavir"
"ZINC000026569933","[H]c1c(C([H])([H])[H])sc(S(=O)(=O)N2C([H])([H])C([H])([H])C([H])([H])[C@@]2([H])C(=O)N([H])C([H])([H])c2c([H])c([H])c(C(F)(F)F)c([H])c2[H])c1[H]",0.2083,"Tipranavir"
"ZINC000095432519","[H]c1c([H])c([H])c2c(c1[H])C([H])([H])C([H])([H])O[C@@]2([H])C(=O)N([H])c1c([H])c(S(=O)(=O)N(C([H])([H])C([H])([H])[H])C([H])([H])C([H])([H])[H])c([H])c([H])c1OC([H])(C([H])([H])[H])C([H])([H])[H]",0.2000,"Darunavir"
"ZINC000095432518","[H]c1c([H])c([H])c2c(c1[H])C([H])([H])C([H])([H])O[C@]2([H])C(=O)N([H])c1c([H])c(S(=O)(=O)N(C([H])([H])C([H])([H])[H])C([H])([H])C([H])([H])[H])c([H])c([H])c1OC([H])(C([H])([H])[H])C([H])([H])[H]",0.2000,"Darunavir"
"ZINC000217632492","[H]c1c([H])c(S(=O)(=O)N2C([H])([H])C([H])([H])S[C@]2([H])c2c([H])c([H])c(C(F)(F)F)c([H])c2[H])c([H])c([H])c1C(=O)OC([H])([H])[H]",0.2135,"Tipranavir"
"ZINC000217632584","[H]c1c([H])c(S(=O)(=O)N2C([H])([H])C([H])([H])S[C@@]2([H])c2c([H])c([H])c(C(F)(F)F)c([H])c2[H])c([H])c([H])c1C(=O)OC([H])([H])[H]",0.2135,"Tipranavir"
"ZINC000008861775","[H]c1c([H])c([H])c2c(c1[H])C([H])([H])N(S(=O)(=O)c1c([H])c(C(F)(F)F)c([H])c([H])c1Cl)[C@@]([H])(C(=O)OC([H])([H])[H])C2([H])[H]",0.2111,"Tipranavir"
"ZINC000008861774","[H]c1c([H])c([H])c2c(c1[H])C([H])([H])N(S(=O)(=O)c1c([H])c(C(F)(F)F)c([H])c([H])c1Cl)[C@]([H])(C(=O)OC([H])([H])[H])C2([H])[H]",0.2111,"Tipranavir"
"ZINC000015386094","[H]C(C(=O)N1C([H])([H])C([H])([H])N(S(=O)(=O)c2c([H])c(C(F)(F)F)c([H])c(C(F)(F)F)c2[H])C([H])([H])C1([H])[H])=C(C([H])([H])[H])C([H])([H])[H]",0.2048,"Tipranavir"
"ZINC000000663847","[H]c1c([H])c(S(=O)(=O)N2C([H])([H])C([H])([H])C([H])(C(=O)N([H])c3c([H])c([H])c(C(F)(F)F)c([H])c3[H])C([H])([H])C2([H])[H])c([H])c([H])c1OC([H])([H])[H]",0.2000,"Tipranavir"
"ZINC000015743890","[H]c1c([H])c([H])c([C@]([H])(C([H])([H])[H])C([H])([H])C(=O)N2C([H])([H])C([H])([H])N(S(=O)(=O)c3c([H])c([H])c(C(F)(F)F)c([H])c3[H])C([H])([H])C2([H])[H])c([H])c1[H]",0.2045,"Tipranavir"
"ZINC000015743889","[H]c1c([H])c([H])c([C@@]([H])(C([H])([H])[H])C([H])([H])C(=O)N2C([H])([H])C([H])([H])N(S(=O)(=O)c3c([H])c([H])c(C(F)(F)F)c([H])c3[H])C([H])([H])C2([H])[H])c([H])c1[H]",0.2045,"Tipranavir"
"ZINC000016301532","[H]c1c([H])c(S(=O)(=O)N2C([H])([H])C([H])([H])C([H])(C(=O)N([H])C([H])([H])c3c([H])c([H])c(C(F)(F)F)c([H])c3[H])C([H])([H])C2([H])[H])c([H])c([H])c1F",0.2000,"Tipranavir"
"ZINC000001075752","[H]c1c([H])c([H])c(C([H])([H])N(C([H])([H])C(=O)N([H])C2([H])C([H])([H])C([H])([H])C([H])([H])C2([H])[H])S(=O)(=O)c2c([H])c([H])c(OC([H])([H])[H])c(Cl)c2[H])c([H])c1[H]",0.2000,"Darunavir"
"ZINC000012748038","[H]c1c([H])c(S(=O)(=O)N2C([H])([H])C([H])([H])C([H])([H])[C@]2([H])C(=O)N([H])C([H])([H])c2c([H])c([H])c(C(F)(F)F)c([H])c2[H])c([H])c([H])c1Cl",0.2065,"Tipranavir"
"ZINC000012748033","[H]c1c([H])c(S(=O)(=O)N2C([H])([H])C([H])([H])C([H])([H])[C@@]2([H])C(=O)N([H])C([H])([H])c2c([H])c([H])c(C(F)(F)F)c([H])c2[H])c([H])c([H])c1Cl",0.2065,"Tipranavir"
"ZINC000012982528","[H]c1c([H])c(S(=O)(=O)N2C([H])([H])C([H])([H])C([H])([H])[C@@]2([H])C(=O)N([H])c2c([H])c([H])c(C(F)(F)F)c([H])c2[H])c([H])c([H])c1OC([H])([H])[H]",0.2088,"Tipranavir"
"ZINC000012982526","[H]c1c([H])c(S(=O)(=O)N2C([H])([H])C([H])([H])C([H])([H])[C@]2([H])C(=O)N([H])c2c([H])c([H])c(C(F)(F)F)c([H])c2[H])c([H])c([H])c1OC([H])([H])[H]",0.2088,"Tipranavir"
"ZINC000108268454","[H]c1c([H])c([H])c(C([H])([H])N(C([H])([H])C(=O)N([H])C2([H])C([H])([H])C([H])([H])C([H])([H])C([H])([H])C2([H])[H])S(=O)(=O)c2c([H])c([H])c(OC([H])([H])[H])c(C([H])([H])[H])c2[H])c([H])c1[H]",0.2000,"Darunavir"
"ZINC000039986223","[H]c1c([H])c([H])c(C([H])([H])C([H])([H])[C@@]([H])(N([H])C(=O)C([H])([H])N(C([H])([H])C([H])([H])[H])S(=O)(=O)c2c([H])c([H])c(OC([H])([H])C([H])([H])[H])c(C([H])([H])[H])c2[H])C([H])([H])[H])c([H])c1[H]",0.2000,"Darunavir"
"ZINC000039986224","[H]c1c([H])c([H])c(C([H])([H])C([H])([H])[C@]([H])(N([H])C(=O)C([H])([H])N(C([H])([H])C([H])([H])[H])S(=O)(=O)c2c([H])c([H])c(OC([H])([H])C([H])([H])[H])c(C([H])([H])[H])c2[H])C([H])([H])[H])c([H])c1[H]",0.2000,"Darunavir"
"ZINC000028207812","[H]c1c([H])c([H])c(C([H])([H])C([H])([H])[C@@]([H])(N([H])C(=O)C([H])([H])Oc2c([H])c([H])c(S(=O)(=O)N(C([H])([H])C([H])([H])[H])C([H])([H])C([H])([H])[H])c([H])c2C([H])([H])[H])C([H])([H])[H])c([H])c1[H]",0.2039,"Darunavir"
"ZINC000028207815","[H]c1c([H])c([H])c(C([H])([H])C([H])([H])[C@]([H])(N([H])C(=O)C([H])([H])Oc2c([H])c([H])c(S(=O)(=O)N(C([H])([H])C([H])([H])[H])C([H])([H])C([H])([H])[H])c([H])c2C([H])([H])[H])C([H])([H])[H])c([H])c1[H]",0.2039,"Darunavir"
"ZINC000408534421","[H]c1c([H])c([H])c(C([H])([H])C([H])([H])N(C([H])([H])C(=O)N([H])[C@]([H])(C([H])([H])[H])C([H])([H])C([H])([H])C([H])([H])[H])S(=O)(=O)c2c([H])c([H])c(OC([H])([H])[H])c(C([H])([H])[H])c2[H])c([H])c1[H]",0.2000,"Darunavir"
"ZINC000408534418","[H]c1c([H])c([H])c(C([H])([H])C([H])([H])N(C([H])([H])C(=O)N([H])[C@@]([H])(C([H])([H])[H])C([H])([H])C([H])([H])C([H])([H])[H])S(=O)(=O)c2c([H])c([H])c(OC([H])([H])[H])c(C([H])([H])[H])c2[H])c([H])c1[H]",0.2000,"Darunavir"
"ZINC000408582200","[H]c1c([H])c([H])c(C([H])([H])N(C([H])([H])C(=O)N([H])[C@@]([H])(C([H])([H])[H])C([H])([H])C([H])([H])C([H])([H])[H])S(=O)(=O)c2c([H])c([H])c(OC([H])([H])[H])c(Cl)c2[H])c([H])c1[H]",0.2000,"Darunavir"
"ZINC000408582203","[H]c1c([H])c([H])c(C([H])([H])N(C([H])([H])C(=O)N([H])[C@]([H])(C([H])([H])[H])C([H])([H])C([H])([H])C([H])([H])[H])S(=O)(=O)c2c([H])c([H])c(OC([H])([H])[H])c(Cl)c2[H])c([H])c1[H]",0.2000,"Darunavir"
"ZINC000409127209","[H]c1c([H])c([H])c(C([H])([H])N(C([H])([H])c2c([H])c([H])c([H])c([H])c2[H])S(=O)(=O)c2c([H])c([H])c(OC([H])([H])C(=O)OC([H])([H])[H])c([H])c2[H])c([H])c1[H]",0.2000,"Darunavir"
"ZINC000001063050","[H]c1c([H])c([H])c(C([H])([H])N(C([H])([H])C(=O)N([H])C2([H])C([H])([H])C([H])([H])C([H])([H])C([H])([H])C([H])([H])C2([H])[H])S(=O)(=O)c2c([H])c([H])c(OC([H])([H])[H])c(C([H])([H])[H])c2[H])c([H])c1[H]",0.2000,"Darunavir"
"ZINC000011612634","[H]c1c([H])c([H])c(S(=O)(=O)N2C([H])([H])C([H])([H])C([H])([H])C([H])([H])[C@]2([H])C([H])([H])C(=O)N([H])c2c([H])c([H])c(C(F)(F)F)c([H])c2[H])c([H])c1[H]",0.2000,"Tipranavir"
"ZINC000011612632","[H]c1c([H])c([H])c(S(=O)(=O)N2C([H])([H])C([H])([H])C([H])([H])C([H])([H])[C@@]2([H])C([H])([H])C(=O)N([H])c2c([H])c([H])c(C(F)(F)F)c([H])c2[H])c([H])c1[H]",0.2000,"Tipranavir"
"ZINC000012993009","[H]c1c([H])c([C@@]2([H])N(S(=O)(=O)c3c([H])c([H])c(C(F)(F)F)c([H])c3[H])C([H])([H])C([H])([H])C2([H])[H])c([H])c2c1OC([H])([H])C([H])([H])C([H])([H])O2",0.2069,"Tipranavir"
"ZINC000012993008","[H]c1c([H])c([C@]2([H])N(S(=O)(=O)c3c([H])c([H])c(C(F)(F)F)c([H])c3[H])C([H])([H])C([H])([H])C2([H])[H])c([H])c2c1OC([H])([H])C([H])([H])C([H])([H])O2",0.2069,"Tipranavir"
"ZINC000000663902","[H]c1c([H])c(C(F)(F)F)c([H])c([H])c1N([H])C(=O)C1([H])C([H])([H])C([H])([H])N(S(=O)(=O)c2c([H])c([H])c(C([H])([H])[H])c([H])c2[H])C([H])([H])C1([H])[H]",0.2022,"Tipranavir"
"ZINC000009510254","[H]c1c([H])c(C(F)(F)F)c([H])c([H])c1C(=O)N([H])c1c([H])c(S(=O)(=O)N2C([H])([H])C([H])([H])C([H])([H])C([H])([H])C2([H])[H])c([H])c([H])c1C([H])([H])[H]",0.2022,"Tipranavir"
"ZINC000012760978","[H]c1c([H])c(S(=O)(=O)N(C([H])([H])C([H])([H])[H])C([H])([H])C([H])([H])[H])c([H])c(N([H])C([H])([H])C(=O)N([H])C([H])([H])[H])c1Oc1c([H])c(C([H])([H])[H])c([H])c([H])c1C([H])(C([H])([H])[H])C([H])([H])[H]",0.2056,"Darunavir"
"ZINC000085598016","[H]c1c([H])c(N([H])C(=O)c2c(C([H])([H])[H])c(S(=O)(=O)N3C([H])([H])C([H])([H])C([H])(C([H])([H])[H])C([H])([H])C3([H])[H])c(C([H])([H])[H])n2[H])c([H])c(C(F)(F)F)c1[H]",0.2020,"Tipranavir"
"ZINC000085597987","[H]c1c([H])c(C(F)(F)F)c([H])c([H])c1N([H])C(=O)c1c(C([H])([H])[H])c(S(=O)(=O)N2C([H])([H])C([H])([H])C([H])([H])C([H])([H])C2([H])[H])c(C([H])([H])[H])n1[H]",0.2222,"Tipranavir"
"ZINC000085598159","[H]c1c([H])c(N([H])C(=O)c2c(C([H])([H])[H])c(S(=O)(=O)N3C([H])([H])C([H])([H])C([H])([H])C([H])([H])C([H])([H])C3([H])[H])c(C([H])([H])[H])n2[H])c([H])c(C(F)(F)F)c1[H]",0.2021,"Tipranavir"
"ZINC000015541118","[H]c1c([H])c(C([H])([H])[H])c(S(=O)(=O)N2C([H])([H])C([H])([H])C([H])([H])C([H])([H])C2([H])[H])c([H])c1C(=O)N([H])c1c([H])c([H])c(C(F)(F)F)c([H])c1[H]",0.2022,"Tipranavir"
"ZINC000026765278","[H]c1c([H])c([H])c(N([H])C(=O)C([H])([H])C([H])([H])c2c([H])c([H])c(S(=O)(=O)N(C([H])([H])C([H])([H])[H])C([H])([H])C([H])([H])[H])c([H])c2[H])c(Br)c1[H]",0.2021,"Darunavir"
"ZINC000219751383","[H]c1c([H])c(S(=O)(=O)N2C([H])([H])C([H])([H])C([H])([H])[C@@]2([H])C(=O)N([H])c2c([H])c([H])c(C(F)(F)F)c([H])c2[H])c([H])c([H])c1Cl",0.2022,"Tipranavir"
"ZINC000219751451","[H]c1c([H])c(S(=O)(=O)N2C([H])([H])C([H])([H])C([H])([H])[C@]2([H])C(=O)N([H])c2c([H])c([H])c(C(F)(F)F)c([H])c2[H])c([H])c([H])c1Cl",0.2022,"Tipranavir"
"ZINC000016479111","[H]c1c([H])c([H])c(C([H])([H])C([H])([H])N(C([H])([H])C(=O)N([H])C2([H])C([H])([H])C([H])([H])C([H])([H])C([H])([H])C([H])([H])C([H])([H])C2([H])[H])S(=O)(=O)c2c([H])c([H])c([H])c([H])c2[H])c([H])c1[H]",0.2021,"Darunavir"
"ZINC000016576327","[H]c1c([H])c([H])c(C([H])([H])N(C([H])([H])C(=O)N([H])[C@@]([H])(C([H])([H])[H])C([H])([H])C([H])([H])c2c([H])c([H])c([H])c([H])c2[H])S(=O)(=O)c2c([H])c([H])c([H])c([H])c2[H])c([H])c1[H]",0.2174,"Darunavir"
"ZINC000016576329","[H]c1c([H])c([H])c(C([H])([H])N(C([H])([H])C(=O)N([H])[C@]([H])(C([H])([H])[H])C([H])([H])C([H])([H])c2c([H])c([H])c([H])c([H])c2[H])S(=O)(=O)c2c([H])c([H])c([H])c([H])c2[H])c([H])c1[H]",0.2174,"Darunavir"
"ZINC000016576321","[H]c1c([H])c([H])c(C([H])([H])C([H])([H])[C@]([H])(N([H])C(=O)C([H])([H])N(C2([H])C([H])([H])C([H])([H])C([H])([H])C([H])([H])C2([H])[H])S(=O)(=O)c2c([H])c([H])c([H])c([H])c2[H])C([H])([H])[H])c([H])c1[H]",0.2000,"Darunavir"
"ZINC000016576320","[H]c1c([H])c([H])c(C([H])([H])C([H])([H])[C@@]([H])(N([H])C(=O)C([H])([H])N(C2([H])C([H])([H])C([H])([H])C([H])([H])C([H])([H])C2([H])[H])S(=O)(=O)c2c([H])c([H])c([H])c([H])c2[H])C([H])([H])[H])c([H])c1[H]",0.2000,"Darunavir"
"ZINC000409020949","[H]c1c([H])c([H])c(C([H])([H])C([H])([H])N(C([H])([H])C(=O)N([H])C2([H])C([H])([H])C([H])([H])C([H])([H])C([H])([H])C([H])([H])C2([H])[H])S(=O)(=O)c2c([H])c([H])c(C([H])([H])[H])c([H])c2[H])c([H])c1[H]",0.2000,"Darunavir"
"ZINC000408614220","[H]c1c([H])c([H])c(C([H])([H])C([H])([H])N(C([H])([H])C(=O)N([H])C2([H])C([H])([H])C([H])([H])C([H])([H])C([H])([H])C([H])([H])C([H])([H])C2([H])[H])S(=O)(=O)c2c([H])c([H])c(C([H])([H])[H])c([H])c2[H])c([H])c1[H]",0.2000,"Darunavir"
"ZINC000022652408","[H]c1c([H])c(S(=O)(=O)N2C([H])([H])C([H])([H])C([H])(C([H])([H])c3c([H])c([H])c(C(F)(F)F)c([H])c3[H])C([H])([H])C2([H])[H])c([H])c([H])c1C(=O)C([H])([H])[H]",0.2045,"Tipranavir"
"ZINC000013496948","[H]c1c([H])c([H])c(N([H])C(=O)C([H])([H])N(C([H])([H])C([H])([H])OC([H])([H])[H])S(=O)(=O)c2c([H])c([H])c(S(=O)(=O)N3C([H])([H])C([H])([H])OC([H])([H])C3([H])[H])c([H])c2[H])c([H])c1[H]",0.2059,"Darunavir"
"ZINC000020032702","[H]c1c([H])c(S(=O)(=O)N(C([H])([H])[H])C([H])([H])[H])c([H])c([H])c1OC([H])([H])C(=O)N([H])C([H])([H])c1c([H])c([H])c(S(=O)(=O)N2C([H])([H])C([H])([H])OC([H])([H])C2([H])[H])c([H])c1[H]",0.2059,"Darunavir"
"ZINC000020032583","[H]c1c([H])c(S(=O)(=O)N2C([H])([H])C([H])([H])OC([H])([H])C2([H])[H])c([H])c([H])c1OC([H])([H])C(=O)N([H])C([H])([H])c1c([H])c([H])c(S(=O)(=O)N(C([H])([H])[H])C([H])([H])[H])c([H])c1[H]",0.2059,"Darunavir"
"ZINC000020032689","[H]c1c([H])c(S(=O)(=O)N(C([H])([H])[H])C([H])([H])[H])c([H])c([H])c1OC([H])([H])C(=O)N([H])C([H])([H])c1c([H])c([H])c(S(=O)(=O)N(C([H])([H])[H])C([H])([H])[H])c([H])c1[H]",0.2000,"Darunavir"
"ZINC000012785920","[H]c1c([H])c(C([H])([H])N([H])C(=O)C2([H])C([H])([H])C([H])([H])N(S(=O)(=O)c3c([H])c(C(=O)N([H])[H])n(C([H])([H])[H])c3[H])C([H])([H])C2([H])[H])c([H])c([H])c1C(F)(F)F",0.2000,"Tipranavir"
"ZINC000226073176","[H]c1c([H])c([H])c(S(=O)(=O)N(C([H])([H])C(=O)N([H])C([H])([H])C([H])([H])c2c([H])c([H])c(S(=O)(=O)N3C([H])([H])C([H])([H])C([H])([H])C3([H])[H])c([H])c2[H])C([H])([H])C([H])([H])[H])c([H])c1[H]",0.2000,"Darunavir"
"ZINC000013565106","[H]c1c([H])c(S(=O)(=O)N2C([H])([H])C([H])([H])C([H])(c3nnc(SC([H])([H])C(=O)N([H])[H])n3C([H])([H])[H])C([H])([H])C2([H])[H])c([H])c([H])c1C(F)(F)F",0.2062,"Tipranavir"
"ZINC000004409238","[H]c1c([H])c([H])c(N([H])C(=O)C([H])([H])N(C([H])([H])[C@@]2([H])OC([H])([H])C([H])([H])C2([H])[H])S(=O)(=O)c2c([H])c([H])c(S(=O)(=O)N(C([H])([H])[H])C([H])([H])[H])c([H])c2[H])c([H])c1[H]",0.2100,"Darunavir"
"ZINC000004409243","[H]c1c([H])c([H])c(N([H])C(=O)C([H])([H])N(C([H])([H])[C@]2([H])OC([H])([H])C([H])([H])C2([H])[H])S(=O)(=O)c2c([H])c([H])c(S(=O)(=O)N(C([H])([H])[H])C([H])([H])[H])c([H])c2[H])c([H])c1[H]",0.2100,"Darunavir"
"ZINC000006552265","[H]c1c([H])c([H])c(N([H])C(=O)C([H])([H])N(C([H])([H])C([H])([H])OC([H])([H])[H])S(=O)(=O)c2c([H])c([H])c(S(=O)(=O)N3C([H])([H])C([H])([H])C([H])([H])C3([H])[H])c([H])c2[H])c([H])c1[H]",0.2020,"Darunavir"
"ZINC000020032376","[H]c1c([H])c(S(=O)(=O)N2C([H])([H])C([H])([H])C([H])([H])C2([H])[H])c([H])c([H])c1OC([H])([H])C(=O)N([H])C([H])([H])c1c([H])c([H])c(S(=O)(=O)N(C([H])([H])[H])C([H])([H])[H])c([H])c1[H]",0.2020,"Darunavir"
"ZINC000020032697","[H]c1c([H])c(S(=O)(=O)N(C([H])([H])[H])C([H])([H])[H])c([H])c([H])c1OC([H])([H])C(=O)N([H])C([H])([H])c1c([H])c([H])c(S(=O)(=O)N2C([H])([H])C([H])([H])C([H])([H])C2([H])[H])c([H])c1[H]",0.2020,"Darunavir"
"ZINC000020032659","[H]c1c([H])c(S(=O)(=O)N(C([H])([H])C([H])([H])[H])C([H])([H])C([H])([H])[H])c([H])c([H])c1OC([H])([H])C(=O)N([H])C([H])([H])c1c([H])c([H])c(S(=O)(=O)N(C([H])([H])[H])C([H])([H])[H])c([H])c1[H]",0.2105,"Darunavir"
"ZINC000020033064","[H]c1c([H])c(S(=O)(=O)N2C([H])([H])C([H])([H])OC([H])([H])C2([H])[H])c([H])c([H])c1C([H])([H])N([H])C(=O)C([H])([H])C([H])([H])c1c([H])c([H])c(S(=O)(=O)N(C([H])([H])[H])C([H])([H])[H])c([H])c1[H]",0.2000,"Darunavir"
"ZINC000020033128","[H]c1c([H])c(S(=O)(=O)N(C([H])([H])[H])C([H])([H])[H])c([H])c([H])c1C([H])([H])N([H])C(=O)C([H])([H])C([H])([H])c1c([H])c([H])c(S(=O)(=O)N2C([H])([H])C([H])([H])OC([H])([H])C2([H])[H])c([H])c1[H]",0.2000,"Darunavir"
"ZINC000014795775","[H]c1c([H])c(S(=O)(=O)N([H])[H])c([H])c([H])c1C([H])([H])N([H])C(=O)C([H])([H])C([H])([H])c1c([H])c([H])c(S(=O)(=O)N(C([H])([H])C([H])([H])[H])C([H])([H])C([H])([H])[H])c([H])c1[H]",0.2000,"Darunavir"
"ZINC000020032655","[H]c1c([H])c(S(=O)(=O)N(C([H])([H])C([H])([H])[H])C([H])([H])C([H])([H])[H])c([H])c([H])c1OC([H])([H])C(=O)N([H])C([H])([H])c1c([H])c([H])c(S(=O)(=O)N([H])[H])c([H])c1[H]",0.2062,"Darunavir"
"ZINC000020032693","[H]c1c([H])c(S(=O)(=O)N(C([H])([H])[H])C([H])([H])[H])c([H])c([H])c1OC([H])([H])C(=O)N([H])C([H])([H])c1c([H])c([H])c(S(=O)(=O)N2C([H])([H])C([H])([H])C([H])([H])C([H])([H])C2([H])[H])c([H])c1[H]",0.2000,"Darunavir"
"ZINC000065625727","[H]c1c([H])c(S(=O)(=O)N(C([H])([H])C([H])([H])[H])C([H])([H])C([H])([H])[H])c([H])c([H])c1C([H])([H])C([H])([H])C(=O)NS(=O)(=O)N1C([H])([H])C([H])([H])C([H])([H])C([H])([H])C([H])([H])C([H])([H])C1([H])[H]",0.2105,"Darunavir"
"ZINC000012630955","[H]c1c([H])c([H])c(C([H])([H])S(=O)(=O)C([H])([H])C(=O)N([H])c2c([H])c(S(=O)(=O)N(C([H])([H])C([H])([H])[H])C([H])([H])C([H])([H])[H])c([H])c([H])c2OC([H])([H])[H])c([H])c1[H]",0.2000,"Darunavir"
"ZINC000012850923","[H]c1nc(N2C([H])([H])C([H])([H])N(C(=O)[C@@]3([H])N(S(=O)(=O)c4c(C([H])([H])[H])noc4C([H])([H])[H])C([H])([H])C([H])([H])C3([H])[H])C([H])([H])C2([H])[H])c([H])c([H])c1C(F)(F)F",0.2079,"Tipranavir"
"ZINC000012850918","[H]c1nc(N2C([H])([H])C([H])([H])N(C(=O)[C@]3([H])N(S(=O)(=O)c4c(C([H])([H])[H])noc4C([H])([H])[H])C([H])([H])C([H])([H])C3([H])[H])C([H])([H])C2([H])[H])c([H])c([H])c1C(F)(F)F",0.2079,"Tipranavir"
"ZINC000009439956","[H]c1c([H])c(S(=O)(=O)N(C([H])([H])[H])C([H])([H])[H])c([H])c([H])c1N([H])C(=O)C([H])([H])OC(=O)[C@]1([H])C([H])([H])C(=O)N(c2c([H])c([H])c(C([H])([H])C([H])([H])[H])c([H])c2[H])C1([H])[H]",0.2018,"Darunavir"
"ZINC000013134639","[H]c1c([H])c(S(=O)(=O)N(C([H])([H])[H])C([H])([H])[H])c([H])c([H])c1N([H])C(=O)C([H])([H])OC(=O)[C@@]1([H])C([H])([H])C(=O)N(c2c([H])c([H])c(C([H])([H])C([H])([H])[H])c([H])c2[H])C1([H])[H]",0.2018,"Darunavir"
"ZINC000013831714","[H]c1c([H])c(S(=O)(=O)N2C([H])([H])C([H])([H])N(S(=O)(=O)c3c([H])c([H])c(C(F)(F)F)c([H])c3[H])C([H])([H])C2([H])[H])c([H])c2c1OC([H])([H])C([H])([H])O2",0.2025,"Tipranavir"
"ZINC000014099802","[H]c1c([H])c(S(=O)(=O)N2C([H])([H])C([H])([H])N(S(=O)(=O)N3C([H])([H])C([H])([H])C([H])([H])C([H])([H])C([H])([H])C3([H])[H])C([H])([H])C2([H])[H])c([H])c([H])c1C(F)(F)F",0.2027,"Tipranavir"
"ZINC000000792898","[H]c1c([H])c([H])c(C([H])([H])C([H])([H])N(C([H])([H])C(=O)N([H])C([H])([H])[C@]2([H])OC([H])([H])C([H])([H])C2([H])[H])S(=O)(=O)c2c([H])c([H])c(OC([H])([H])[H])c(OC([H])([H])[H])c2[H])c([H])c1[H]",0.2150,"Darunavir"
"ZINC000000792900","[H]c1c([H])c([H])c(C([H])([H])C([H])([H])N(C([H])([H])C(=O)N([H])C([H])([H])[C@@]2([H])OC([H])([H])C([H])([H])C2([H])[H])S(=O)(=O)c2c([H])c([H])c(OC([H])([H])[H])c(OC([H])([H])[H])c2[H])c([H])c1[H]",0.2150,"Darunavir"
"ZINC000408784474","[H]c1c([H])c([H])c(C([H])([H])C([H])([H])N(C([H])([H])C(=O)N([H])C([H])([H])C([H])([H])C([H])([H])OC([H])([H])[H])S(=O)(=O)c2c([H])c([H])c(OC([H])([H])[H])c(OC([H])([H])[H])c2[H])c([H])c1[H]",0.2059,"Darunavir"
"ZINC000013496957","[H]c1c([H])c([H])c(N([H])C(=O)C([H])([H])N(C([H])([H])C([H])([H])OC([H])([H])[H])S(=O)(=O)c2c([H])c([H])c(S(=O)(=O)N3C([H])([H])C([H])([H])C([H])([H])C([H])([H])C3([H])[H])c([H])c2[H])c([H])c1[H]",0.2000,"Darunavir"
"ZINC000020033067","[H]c1c([H])c(S(=O)(=O)N(C([H])([H])[H])C([H])([H])[H])c([H])c([H])c1C([H])([H])N([H])C(=O)C([H])([H])C([H])([H])c1c([H])c([H])c(S(=O)(=O)N(C([H])([H])C([H])([H])[H])C([H])([H])C([H])([H])[H])c([H])c1[H]",0.2043,"Darunavir"
"ZINC000408621019","[H]c1c([H])c([H])c(C([H])([H])C([H])([H])N(C([H])([H])C(=O)N([H])[C@]([H])(C([H])([H])[H])C([H])([H])OC([H])([H])[H])S(=O)(=O)c2c([H])c([H])c(OC([H])([H])[H])c(OC([H])([H])[H])c2[H])c([H])c1[H]",0.2019,"Darunavir"
"ZINC000408621012","[H]c1c([H])c([H])c(C([H])([H])C([H])([H])N(C([H])([H])C(=O)N([H])[C@@]([H])(C([H])([H])[H])C([H])([H])OC([H])([H])[H])S(=O)(=O)c2c([H])c([H])c(OC([H])([H])[H])c(OC([H])([H])[H])c2[H])c([H])c1[H]",0.2019,"Darunavir"
"ZINC000008720277","[H]c1c([H])c(S(=O)(=O)N(C([H])([H])C([H])([H])[H])C([H])([H])C([H])([H])[H])c([H])c(N([H])S(=O)(=O)c2c([H])c([H])c(C([H])([H])C([H])([H])C(=O)O)c([H])c2[H])c1OC([H])([H])C([H])([H])[H]",0.2000,"Darunavir"
"ZINC000021838856","[H]c1c([H])c([H])c(-c2c([H])c([H])c(C(F)(F)F)c([H])c2[H])c(C(=O)OC([H])([H])C(=O)N2C([H])([H])C([H])([H])N(S(=O)(=O)C([H])([H])[H])C([H])([H])C2([H])[H])c1[H]",0.2111,"Tipranavir"
"ZINC000002975707","[H]c1c([H])c([H])c(S(=O)(=O)N(C([H])([H])C(=O)N([H])C([H])([H])C([H])([H])C([H])([H])OC([H])([H])[H])C([H])([H])c2c([H])c([H])c(Br)c([H])c2[H])c([H])c1[H]",0.2041,"Darunavir"
"ZINC000013117956","[H]c1c([H])c(S(=O)(=O)N2C([H])([H])C([H])([H])N([C@@]([H])(C(=O)N3C([H])([H])[C@]([H])(C([H])([H])[H])C([H])([H])[C@@]([H])(C([H])([H])[H])C3([H])[H])C([H])([H])[H])C([H])([H])C2([H])[H])c([H])c([H])c1C(F)(F)F",0.2088,"Tipranavir"
"ZINC000013117958","[H]c1c([H])c(S(=O)(=O)N2C([H])([H])C([H])([H])N([C@@]([H])(C(=O)N3C([H])([H])[C@]([H])(C([H])([H])[H])C([H])([H])[C@]([H])(C([H])([H])[H])C3([H])[H])C([H])([H])[H])C([H])([H])C2([H])[H])c([H])c([H])c1C(F)(F)F",0.2088,"Tipranavir"
"ZINC000028427938","[H]c1c([H])c(S(=O)(=O)N2C([H])([H])C([H])([H])N(C(=O)[C@@]3([H])N(C(=O)C(C([H])([H])[H])(C([H])([H])[H])C([H])([H])[H])C([H])([H])C([H])([H])C3([H])[H])C([H])([H])C2([H])[H])c([H])c([H])c1C(F)(F)F",0.2000,"Tipranavir"
"ZINC000032770663","[H]c1c([H])c(S(=O)(=O)N2C([H])([H])C([H])([H])N(S(=O)(=O)N(C([H])([H])[H])C3([H])C([H])([H])C([H])([H])C([H])([H])C([H])([H])C3([H])[H])C([H])([H])C2([H])[H])c([H])c([H])c1C(F)(F)F",0.2048,"Tipranavir"
"ZINC000008988248","[H]c1c([H])c([H])c(OC([H])([H])C(=O)N2C([H])([H])C([H])([H])N(S(=O)(=O)c3c([H])c([H])c(C(F)(F)F)c([H])c3[H])C([H])([H])C2([H])[H])c(OC([H])([H])[H])c1[H]",0.2000,"Tipranavir"
"ZINC000006904458","[H]c1c([H])c([H])c(C([H])([H])C([H])([H])N(C([H])([H])C(=O)N([H])C([H])([H])C([H])([H])C([H])([H])OC([H])([H])[H])S(=O)(=O)c2c([H])c([H])c(Br)c([H])c2[H])c([H])c1[H]",0.2020,"Darunavir"
"ZINC000028427933","[H]c1c([H])c(S(=O)(=O)N2C([H])([H])C([H])([H])N(C(=O)[C@]3([H])N(C(=O)C(C([H])([H])[H])(C([H])([H])[H])C([H])([H])[H])C([H])([H])C([H])([H])C3([H])[H])C([H])([H])C2([H])[H])c([H])c([H])c1C(F)(F)F",0.2000,"Tipranavir"
"ZINC000010013996","[H]c1c([H])c([H])c(C([H])([H])N(C([H])([H])C(=O)N([H])C([H])([H])C([H])([H])C([H])([H])OC([H])([H])[H])S(=O)(=O)c2c([H])c([H])c(Br)c([H])c2[H])c([H])c1[H]",0.2041,"Darunavir"
"ZINC000020279408","[H]c1c([H])c([H])c(C([H])([H])C([H])([H])[C@@]([H])(N([H])C(=O)C([H])([H])N2C(=O)C([H])([H])Oc3c([H])c([H])c(S(=O)(=O)N(C([H])([H])C([H])([H])[H])C([H])([H])C([H])([H])[H])c([H])c32)C([H])([H])[H])c([H])c1[H]",0.2091,"Darunavir"
"ZINC000020279413","[H]c1c([H])c([H])c(C([H])([H])C([H])([H])[C@]([H])(N([H])C(=O)C([H])([H])N2C(=O)C([H])([H])Oc3c([H])c([H])c(S(=O)(=O)N(C([H])([H])C([H])([H])[H])C([H])([H])C([H])([H])[H])c([H])c32)C([H])([H])[H])c([H])c1[H]",0.2091,"Darunavir"
"ZINC000102470252","[H]c1c([H])c(S(=O)(=O)N2C([H])([H])C([H])([H])N([C@]([H])(C(=O)N3C([H])([H])[C@]([H])(C([H])([H])[H])C([H])([H])[C@]([H])(C([H])([H])[H])C3([H])[H])C([H])([H])[H])C([H])([H])C2([H])[H])c([H])c([H])c1C(F)(F)F",0.2088,"Tipranavir"
"ZINC000169350751","[H]c1c([H])c(S(=O)(=O)N2C([H])([H])C([H])([H])N([C@]([H])(C(=O)N3C([H])([H])[C@]([H])(C([H])([H])[H])C([H])([H])[C@@]([H])(C([H])([H])[H])C3([H])[H])C([H])([H])[H])C([H])([H])C2([H])[H])c([H])c([H])c1C(F)(F)F",0.2088,"Tipranavir"
"ZINC000009058058","[H]c1c([H])c([H])c(S(=O)(=O)N2C([H])([H])C([H])([H])N(S(=O)(=O)c3c([H])c([H])c(C(F)(F)F)c([H])c3[H])C([H])([H])C2([H])[H])c(F)c1[H]",0.2105,"Tipranavir"
"ZINC000009090545","[H]c1c([H])c(S(=O)(=O)N(C([H])([H])C([H])([H])[H])C([H])([H])C([H])([H])[H])c([H])c([H])c1OC([H])([H])C(=O)N([H])c1c([H])c([H])c(S(=O)(=O)N(C([H])([H])C([H])([H])[H])C([H])([H])C([H])([H])[H])c([H])c1[H]",0.2000,"Darunavir"
"ZINC000015364142","[H]c1c(C([H])([H])[H])sc(S(=O)(=O)N2C([H])([H])C([H])([H])N(S(=O)(=O)c3c([H])c([H])c(C(F)(F)F)c([H])c3[H])C([H])([H])C2([H])[H])c1[H]",0.2000,"Tipranavir"
"ZINC000226010985","[H]c1c([H])c([H])c(C([H])([H])N(C([H])([H])C(=O)N([H])c2c([H])c([H])c(C([H])([H])C(=O)N([H])[H])c([H])c2[H])S(=O)(=O)c2c([H])c([H])c(OC([H])([H])[H])c(OC([H])([H])[H])c2[H])c([H])c1[H]",0.2000,"Darunavir"
"ZINC000408988865","[H]c1c([H])c([H])c(C([H])([H])C([H])([H])N(C([H])([H])C(=O)N([H])C([H])([H])[C@]2([H])OC([H])([H])C([H])([H])C2([H])[H])S(=O)(=O)c2c([H])c([H])c(Br)c([H])c2[H])c([H])c1[H]",0.2059,"Darunavir"
"ZINC000408988862","[H]c1c([H])c([H])c(C([H])([H])C([H])([H])N(C([H])([H])C(=O)N([H])C([H])([H])[C@@]2([H])OC([H])([H])C([H])([H])C2([H])[H])S(=O)(=O)c2c([H])c([H])c(Br)c([H])c2[H])c([H])c1[H]",0.2059,"Darunavir"
"ZINC000033625286","[H]c1c([H])c([H])c(C([H])([H])N(C([H])([H])C(=O)N([H])C([H])([H])[C@@]2([H])OC([H])([H])C([H])([H])C2([H])[H])S(=O)(=O)c2c([H])c([H])c(OC([H])([H])[H])c(Cl)c2[H])c([H])c1[H]",0.2110,"Darunavir"
"ZINC000033625288","[H]c1c([H])c([H])c(C([H])([H])N(C([H])([H])C(=O)N([H])C([H])([H])[C@]2([H])OC([H])([H])C([H])([H])C2([H])[H])S(=O)(=O)c2c([H])c([H])c(OC([H])([H])[H])c(Cl)c2[H])c([H])c1[H]",0.2110,"Darunavir"
"ZINC000408619483","[H]c1c([H])c([H])c(C([H])([H])N(C([H])([H])C(=O)N([H])[C@]([H])(C([H])([H])[H])C([H])([H])OC([H])([H])[H])S(=O)(=O)c2c([H])c([H])c(Br)c([H])c2[H])c([H])c1[H]",0.2000,"Darunavir"
"ZINC000408619482","[H]c1c([H])c([H])c(C([H])([H])N(C([H])([H])C(=O)N([H])[C@@]([H])(C([H])([H])[H])C([H])([H])OC([H])([H])[H])S(=O)(=O)c2c([H])c([H])c(Br)c([H])c2[H])c([H])c1[H]",0.2000,"Darunavir"
"ZINC000408621680","[H]c1c([H])c([H])c(S(=O)(=O)N(C([H])([H])C(=O)N([H])[C@@]([H])(C([H])([H])[H])C([H])([H])OC([H])([H])[H])C([H])([H])c2c([H])c([H])c(Br)c([H])c2[H])c([H])c1[H]",0.2000,"Darunavir"
"ZINC000408621683","[H]c1c([H])c([H])c(S(=O)(=O)N(C([H])([H])C(=O)N([H])[C@]([H])(C([H])([H])[H])C([H])([H])OC([H])([H])[H])C([H])([H])c2c([H])c([H])c(Br)c([H])c2[H])c([H])c1[H]",0.2000,"Darunavir"
"ZINC000001138719","[H]c1c([H])c(C([H])([H])N(C([H])([H])C(=O)N([H])C([H])([H])[C@]2([H])OC([H])([H])C([H])([H])C2([H])[H])S(=O)(=O)c2c([H])c([H])c(C([H])([H])[H])c([H])c2[H])c([H])c([H])c1Br",0.2019,"Darunavir"
"ZINC000001138724","[H]c1c([H])c(C([H])([H])N(C([H])([H])C(=O)N([H])C([H])([H])[C@@]2([H])OC([H])([H])C([H])([H])C2([H])[H])S(=O)(=O)c2c([H])c([H])c(C([H])([H])[H])c([H])c2[H])c([H])c([H])c1Br",0.2019,"Darunavir"
"ZINC000001142159","[H]c1c([H])c(S(=O)(=O)N(C([H])([H])C(=O)N([H])C([H])([H])[C@]2([H])OC([H])([H])C([H])([H])C2([H])[H])C([H])([H])c2c([H])c([H])c(C([H])([H])[H])c([H])c2[H])c([H])c([H])c1Br",0.2019,"Darunavir"
"ZINC000001142160","[H]c1c([H])c(S(=O)(=O)N(C([H])([H])C(=O)N([H])C([H])([H])[C@@]2([H])OC([H])([H])C([H])([H])C2([H])[H])C([H])([H])c2c([H])c([H])c(C([H])([H])[H])c([H])c2[H])c([H])c([H])c1Br",0.2019,"Darunavir"
"ZINC000001158850","[H]c1c([H])c(C([H])([H])N(C([H])([H])C(=O)N([H])C([H])([H])[C@@]2([H])OC([H])([H])C([H])([H])C2([H])[H])S(=O)(=O)c2c([H])c([H])c(Cl)c([H])c2[H])c([H])c([H])c1Cl",0.2020,"Darunavir"
"ZINC000001158849","[H]c1c([H])c(C([H])([H])N(C([H])([H])C(=O)N([H])C([H])([H])[C@]2([H])OC([H])([H])C([H])([H])C2([H])[H])S(=O)(=O)c2c([H])c([H])c(Cl)c([H])c2[H])c([H])c([H])c1Cl",0.2020,"Darunavir"
"ZINC000012747667","[H]c1c([H])c(S(=O)(=O)N2C([H])([H])C([H])([H])N([C@@]([H])(C(=O)N([H])[C@]34C([H])([H])[C@@]5([H])C([H])([H])[C@]([H])(C([H])([H])[C@]([H])(C5([H])[H])C3([H])[H])C4([H])[H])C([H])([H])[H])C([H])([H])C2([H])[H])c([H])c([H])c1C(F)(F)F",0.2021,"Tipranavir"
"ZINC000012747675","[H]c1c([H])c(S(=O)(=O)N2C([H])([H])C([H])([H])N([C@]([H])(C(=O)N([H])[C@]34C([H])([H])[C@@]5([H])C([H])([H])[C@]([H])(C([H])([H])[C@]([H])(C5([H])[H])C3([H])[H])C4([H])[H])C([H])([H])[H])C([H])([H])C2([H])[H])c([H])c([H])c1C(F)(F)F",0.2021,"Tipranavir"
"ZINC000012917008","[H]O[C@]([H])(C([H])([H])O[C@@]1([H])c2c([H])c([H])c([H])c([H])c2C([H])([H])C([H])([H])C1([H])[H])C([H])([H])N1C([H])([H])C([H])([H])N(S(=O)(=O)c2c([H])c([H])c(C(F)(F)F)c([H])c2[H])C([H])([H])C1([H])[H]",0.2000,"Tipranavir"
"ZINC000012917005","[H]O[C@@]([H])(C([H])([H])O[C@@]1([H])c2c([H])c([H])c([H])c([H])c2C([H])([H])C([H])([H])C1([H])[H])C([H])([H])N1C([H])([H])C([H])([H])N(S(=O)(=O)c2c([H])c([H])c(C(F)(F)F)c([H])c2[H])C([H])([H])C1([H])[H]",0.2000,"Tipranavir"
"ZINC000012917010","[H]O[C@@]([H])(C([H])([H])O[C@]1([H])c2c([H])c([H])c([H])c([H])c2C([H])([H])C([H])([H])C1([H])[H])C([H])([H])N1C([H])([H])C([H])([H])N(S(=O)(=O)c2c([H])c([H])c(C(F)(F)F)c([H])c2[H])C([H])([H])C1([H])[H]",0.2000,"Tipranavir"
"ZINC000012917015","[H]O[C@]([H])(C([H])([H])O[C@]1([H])c2c([H])c([H])c([H])c([H])c2C([H])([H])C([H])([H])C1([H])[H])C([H])([H])N1C([H])([H])C([H])([H])N(S(=O)(=O)c2c([H])c([H])c(C(F)(F)F)c([H])c2[H])C([H])([H])C1([H])[H]",0.2000,"Tipranavir"
"ZINC000012799504","[H]c1c([H])c(OC([H])([H])C(=O)N([H])c2c([H])c([H])c(S(=O)(=O)N(C([H])([H])C([H])([H])[H])C([H])([H])C([H])([H])[H])c([H])c2[H])c([H])c([H])c1I",0.2021,"Darunavir"
"ZINC000012922356","[H]c1c([H])c(N2C(=O)C([H])([H])[C@@]([H])(C(=O)N([H])c3c([H])c(S(=O)(=O)N(C([H])([H])C([H])([H])[H])C([H])([H])C([H])([H])[H])c([H])c([H])c3OC([H])([H])[H])C2([H])[H])c([H])c(C([H])([H])C([H])([H])[H])c1[H]",0.2054,"Darunavir"
"ZINC000012922352","[H]c1c([H])c(N2C(=O)C([H])([H])[C@]([H])(C(=O)N([H])c3c([H])c(S(=O)(=O)N(C([H])([H])C([H])([H])[H])C([H])([H])C([H])([H])[H])c([H])c([H])c3OC([H])([H])[H])C2([H])[H])c([H])c(C([H])([H])C([H])([H])[H])c1[H]",0.2054,"Darunavir"
"ZINC000012821192","[H]c1c([H])c([H])c([C@]([H])(C(=O)N([H])C2([H])C([H])([H])C2([H])[H])N2C([H])([H])C([H])([H])N(S(=O)(=O)c3c([H])c([H])c(C(F)(F)F)c([H])c3[H])C([H])([H])C2([H])[H])c([H])c1[H]",0.2000,"Tipranavir"
"ZINC000012821194","[H]c1c([H])c([H])c([C@@]([H])(C(=O)N([H])C2([H])C([H])([H])C2([H])[H])N2C([H])([H])C([H])([H])N(S(=O)(=O)c3c([H])c([H])c(C(F)(F)F)c([H])c3[H])C([H])([H])C2([H])[H])c([H])c1[H]",0.2000,"Tipranavir"
"ZINC000021740120","[H]c1c([H])c(S(=O)(=O)N2C([H])([H])[C@]([H])(C([H])([H])[H])C([H])([H])[C@@]([H])(C([H])([H])[H])C2([H])[H])c([H])c([H])c1C(=O)N([H])C([H])([H])c1nnc2c([H])c([H])c(C(F)(F)F)c([H])n12",0.2000,"Tipranavir"
"ZINC000013042302","[H]c1c([H])c(C([H])([H])C([H])([H])[H])c([H])c([H])c1OC([H])([H])C(=O)N([H])c1c([H])c(S(=O)(=O)N(C([H])([H])C([H])([H])[H])C([H])([H])C([H])([H])[H])c([H])c([H])c1N1C([H])([H])C([H])([H])N(C([H])([H])[H])C([H])([H])C1([H])[H]",0.2037,"Darunavir"
"ZINC000013042472","[H]c1c(OC([H])([H])C(=O)N2C([H])([H])C([H])([H])N(S(=O)(=O)c3c([H])c([H])c(C(F)(F)F)c([H])c3[H])C([H])([H])C2([H])[H])c([H])c(C([H])([H])[H])c([H])c1C([H])([H])[H]",0.2000,"Tipranavir"
"ZINC000021185450","[H]c1c([H])c(C([H])([H])[H])c(N([H])C(=O)C([H])([H])N2C([H])([H])C([H])([H])N(S(=O)(=O)c3c([H])c([H])c(C(F)(F)F)c([H])c3[H])C([H])([H])C2([H])[H])c(C([H])([H])[H])c1[H]",0.2000,"Tipranavir"
"ZINC000003427413","[H]c1c([H])c([H])c(S(=O)(=O)N2C([H])([H])C([H])([H])N(S(=O)(=O)c3c([H])c(C(F)(F)F)c([H])c([H])c3Cl)C([H])([H])C2([H])[H])c(F)c1[H]",0.2000,"Tipranavir"
"ZINC000002813421","[H]c1c([H])c(C([H])([H])N(C([H])([H])C(=O)N([H])C([H])([H])C([H])([H])C([H])([H])OC([H])([H])[H])S(=O)(=O)c2c([H])c([H])c(C([H])([H])[H])c([H])c2[H])c([H])c([H])c1Br",0.2000,"Darunavir"
"ZINC000021740123","[H]c1c([H])c(S(=O)(=O)N2C([H])([H])[C@]([H])(C([H])([H])[H])C([H])([H])[C@]([H])(C([H])([H])[H])C2([H])[H])c([H])c([H])c1C(=O)N([H])C([H])([H])c1nnc2c([H])c([H])c(C(F)(F)F)c([H])n12",0.2000,"Tipranavir"
"ZINC000012800113","[H]c1c([H])c(C(F)(F)F)c([H])c(S(=O)(=O)N2C([H])([H])C([H])([H])C([H])(C(=O)N([H])[C@]3([H])C([H])([H])C([H])([H])[N@@+]([H])(C([H])(C([H])([H])[H])C([H])([H])[H])C([H])([H])C3([H])[H])C([H])([H])C2([H])[H])c1[H]",0.2062,"Tipranavir"
"ZINC000408786148","[H]c1c([H])c([H])c(C([H])([H])N(C([H])([H])C(=O)N([H])c2c([H])c([H])c3c(c2[H])OC([H])([H])O3)S(=O)(=O)c2c([H])c([H])c(OC([H])([H])[H])c(OC([H])([H])[H])c2[H])c([H])c1[H]",0.2000,"Darunavir"
"ZINC000001368120","[H]c1c([H])c(S(=O)(=O)N2C([H])([H])C([H])([H])N(S(=O)(=O)c3c([H])c([H])c(C(F)(F)F)c([H])c3[H])C([H])([H])C([H])([H])C2([H])[H])c([H])c([H])c1C([H])([H])[H]",0.2105,"Tipranavir"
"ZINC000409078019","[H]c1c([H])c(S(=O)(=O)N(C([H])([H])C(=O)N([H])C([H])([H])C([H])([H])C([H])([H])OC([H])([H])[H])C([H])([H])c2c([H])c([H])c(C([H])([H])[H])c([H])c2[H])c([H])c([H])c1Br",0.2000,"Darunavir"
"ZINC000059516213","[H]c1c([H])c([H])c(C([H])([H])C([H])([H])N(C([H])([H])C(=O)N([H])C2([H])C([H])([H])C([H])([H])C([H])([H])C([H])([H])C2([H])[H])S(=O)(=O)c2c([H])c([H])c(OC([H])([H])[H])c(OC([H])([H])[H])c2[H])c([H])c1[H]",0.2019,"Darunavir"
"ZINC000059942109","[H]c1c([H])c([H])c(C([H])([H])N(C([H])([H])C(=O)N([H])c2c([H])c([H])c3c(c2[H])OC([H])([H])C([H])([H])O3)S(=O)(=O)c2c([H])c([H])c(OC([H])([H])[H])c(OC([H])([H])[H])c2[H])c([H])c1[H]",0.2000,"Darunavir"
"ZINC000408600838","[H]c1c([H])c(N([H])C(=O)C([H])([H])Oc2c([H])c([H])c(S(=O)(=O)N(C([H])([H])C([H])([H])[H])C([H])([H])C([H])([H])[H])c([H])c2[H])c([H])c([H])c1I",0.2021,"Darunavir"
"ZINC000009511985","[H]c1sc(S(=O)(=O)N2C([H])([H])C([H])([H])N(C(=O)[C@@]([H])(N([H])c3c([H])c([H])c(C(F)(F)F)c([H])c3[N+](=O)[O-])C([H])([H])[H])C([H])([H])C2([H])[H])c([H])c1[H]",0.2020,"Tipranavir"
"ZINC000012758371","[H]c1c([H])c(C([H])([H])N([H])C(=O)N([H])C([H])([H])c2c([H])c([H])c(S(=O)(=O)N3C([H])([H])C([H])([H])C([H])([H])C([H])([H])C3([H])[H])c([H])c2[H])c([H])c([H])c1C(F)(F)F",0.2048,"Tipranavir"
"ZINC000002961379","[H]c1c([H])c([H])c(C([H])([H])C([H])([H])N(C([H])([H])C(=O)N([H])[C@]([H])(C([H])([H])[H])C([H])([H])C([H])([H])[H])S(=O)(=O)c2c([H])c([H])c(Br)c([H])c2[H])c([H])c1[H]",0.2020,"Darunavir"
"ZINC000002961380","[H]c1c([H])c([H])c(C([H])([H])C([H])([H])N(C([H])([H])C(=O)N([H])[C@@]([H])(C([H])([H])[H])C([H])([H])C([H])([H])[H])S(=O)(=O)c2c([H])c([H])c(Br)c([H])c2[H])c([H])c1[H]",0.2020,"Darunavir"
"ZINC000013038404","[H]c1c([H])c([H])c(C([H])(C([H])([H])[H])C([H])([H])[H])c(N([H])C(=O)C([H])([H])N2C([H])([H])C([H])([H])N(S(=O)(=O)c3c([H])c([H])c(C(F)(F)F)c([H])c3[H])C([H])([H])C2([H])[H])c1[H]",0.2043,"Tipranavir"
"ZINC000016084488","[H]c1c([H])c(S(=O)(=O)N2C([H])([H])C([H])([H])c3c([H])c(OC([H])([H])[H])c(OC([H])([H])[H])c([H])c3[C@@]2([H])C([H])([H])C(=O)OC([H])([H])[H])c([H])c([H])c1C(F)(F)F",0.2000,"Tipranavir"
"ZINC000016084487","[H]c1c([H])c(S(=O)(=O)N2C([H])([H])C([H])([H])c3c([H])c(OC([H])([H])[H])c(OC([H])([H])[H])c([H])c3[C@]2([H])C([H])([H])C(=O)OC([H])([H])[H])c([H])c([H])c1C(F)(F)F",0.2000,"Tipranavir"
"ZINC000017847791","[H]c1c([H])c(C(F)(F)F)c([H])c([H])c1C(=O)N1C([H])([H])C([H])([H])N(S(=O)(=O)c2c([H])c([H])c(C(F)(F)F)c([H])c2[H])C([H])([H])C1([H])[H]",0.2078,"Tipranavir"
"ZINC000408702281","[H]c1c([H])c(C(F)(F)F)c([H])c(N([H])C(=O)[C@]([H])(N(c2c([H])c([H])c3c(c2[H])OC([H])([H])C([H])([H])O3)S(=O)(=O)C([H])([H])[H])C([H])([H])[H])c1Cl",0.2041,"Tipranavir"
"ZINC000408702282","[H]c1c([H])c(C(F)(F)F)c([H])c(N([H])C(=O)[C@@]([H])(N(c2c([H])c([H])c3c(c2[H])OC([H])([H])C([H])([H])O3)S(=O)(=O)C([H])([H])[H])C([H])([H])[H])c1Cl",0.2041,"Tipranavir"
"ZINC000409009259","[H]c1c([H])c([H])c(C([H])([H])N(C([H])([H])C(=O)N([H])C2([H])C([H])([H])C([H])([H])C([H])([H])C([H])([H])C([H])([H])C2([H])[H])S(=O)(=O)c2c([H])c([H])c(OC([H])([H])[H])c(OC([H])([H])[H])c2[H])c([H])c1[H]",0.2039,"Darunavir"
"ZINC000409020012","[H]c1c([H])c([H])c(C([H])([H])C([H])([H])N(C([H])([H])C(=O)N([H])C2([H])C([H])([H])C([H])([H])C([H])([H])C([H])([H])C([H])([H])C2([H])[H])S(=O)(=O)c2c([H])c([H])c(OC([H])([H])[H])c(OC([H])([H])[H])c2[H])c([H])c1[H]",0.2019,"Darunavir"
"ZINC000039986572","[H]c1c([H])c([H])c(C([H])([H])C([H])([H])[C@@]([H])(N([H])C(=O)C([H])([H])N(C([H])([H])C([H])([H])[H])S(=O)(=O)c2c([H])c([H])c(OC([H])([H])C([H])([H])[H])c(Cl)c2[H])C([H])([H])[H])c([H])c1[H]",0.2000,"Darunavir"
"ZINC000408586447","[H]c1c([H])c([H])c(C([H])([H])N(C([H])([H])c2c([H])c([H])c([H])c([H])c2[H])S(=O)(=O)c2c([H])c([H])c(O[C@]([H])(C(=O)N3C([H])([H])C([H])([H])OC([H])([H])C3([H])[H])C([H])([H])[H])c([H])c2[H])c([H])c1[H]",0.2000,"Darunavir"
"ZINC000408586446","[H]c1c([H])c([H])c(C([H])([H])N(C([H])([H])c2c([H])c([H])c([H])c([H])c2[H])S(=O)(=O)c2c([H])c([H])c(O[C@@]([H])(C(=O)N3C([H])([H])C([H])([H])OC([H])([H])C3([H])[H])C([H])([H])[H])c([H])c2[H])c([H])c1[H]",0.2000,"Darunavir"
"ZINC000018077951","[H]c1c([H])c(N([H])C(=O)C([H])([H])C([H])([H])c2c([H])c([H])c(S(=O)(=O)N(C([H])([H])C([H])([H])[H])C([H])([H])C([H])([H])[H])c([H])c2[H])c([H])c([H])c1I",0.2043,"Darunavir"
"ZINC000028208279","[H]c1c([H])c([H])c(C([H])([H])C([H])([H])[C@@]([H])(N([H])C(=O)C([H])([H])Oc2c([H])c([H])c(S(=O)(=O)N(C([H])([H])C([H])([H])[H])C([H])([H])C([H])([H])[H])c([H])c2Cl)C([H])([H])[H])c([H])c1[H]",0.2039,"Darunavir"
"ZINC000028208282","[H]c1c([H])c([H])c(C([H])([H])C([H])([H])[C@]([H])(N([H])C(=O)C([H])([H])Oc2c([H])c([H])c(S(=O)(=O)N(C([H])([H])C([H])([H])[H])C([H])([H])C([H])([H])[H])c([H])c2Cl)C([H])([H])[H])c([H])c1[H]",0.2039,"Darunavir"
"ZINC000039985891","[H]c1c([H])c([H])c(C([H])([H])C([H])([H])[C@@]([H])(N([H])C(=O)C([H])([H])N(C([H])([H])C([H])([H])[H])S(=O)(=O)c2c([H])c([H])c(Br)c([H])c2[H])C([H])([H])[H])c([H])c1[H]",0.2041,"Darunavir"
"ZINC000014135587","[H]c1c([H])c([H])c(C([H])([H])C([H])([H])N(C([H])([H])C(=O)N([H])[C@]([H])(C([H])([H])[H])C([H])([H])C([H])([H])C([H])([H])[H])S(=O)(=O)c2c([H])c([H])c(Br)c([H])c2[H])c([H])c1[H]",0.2000,"Darunavir"
"ZINC000014135589","[H]c1c([H])c([H])c(C([H])([H])C([H])([H])N(C([H])([H])C(=O)N([H])[C@@]([H])(C([H])([H])[H])C([H])([H])C([H])([H])C([H])([H])[H])S(=O)(=O)c2c([H])c([H])c(Br)c([H])c2[H])c([H])c1[H]",0.2000,"Darunavir"
"ZINC000039985893","[H]c1c([H])c([H])c(C([H])([H])C([H])([H])[C@]([H])(N([H])C(=O)C([H])([H])N(C([H])([H])C([H])([H])[H])S(=O)(=O)c2c([H])c([H])c(Br)c([H])c2[H])C([H])([H])[H])c([H])c1[H]",0.2041,"Darunavir"
"ZINC000039986573","[H]c1c([H])c([H])c(C([H])([H])C([H])([H])[C@]([H])(N([H])C(=O)C([H])([H])N(C([H])([H])C([H])([H])[H])S(=O)(=O)c2c([H])c([H])c(OC([H])([H])C([H])([H])[H])c(Cl)c2[H])C([H])([H])[H])c([H])c1[H]",0.2000,"Darunavir"
"ZINC000072194202","[H]Oc1c(O)c(S(=O)(=O)Nc2c([H])c([H])c(C(F)(F)F)c([H])c2[H])c([H])c2c1C(=O)c1c([H])c([H])c([H])c([H])c1C2=O",0.2048,"Tipranavir"
"ZINC000072194202","[H]Oc1c(O)c(S(=O)(=O)N([H])c2c([H])c([H])c(C(F)(F)F)c([H])c2[H])c([H])c2c1C(=O)c1c([H])c([H])c([H])c([H])c1C2=O",0.2024,"Tipranavir"
"ZINC000012648728","[H]c1c([H])c(C(=O)C([H])([H])OC(=O)c2c([H])c([H])c(S(=O)(=O)N3C([H])([H])[C@@]([H])(C([H])([H])[H])C([H])([H])[C@]([H])(C([H])([H])[H])C3([H])[H])c([H])c2[H])c([H])c(C(F)(F)F)c1[H]",0.2000,"Tipranavir"
"ZINC000012648724","[H]c1c([H])c(C(=O)C([H])([H])OC(=O)c2c([H])c([H])c(S(=O)(=O)N3C([H])([H])[C@]([H])(C([H])([H])[H])C([H])([H])[C@]([H])(C([H])([H])[H])C3([H])[H])c([H])c2[H])c([H])c(C(F)(F)F)c1[H]",0.2000,"Tipranavir"
"ZINC000012648714","[H]c1c([H])c(C(=O)C([H])([H])OC(=O)c2c([H])c([H])c(S(=O)(=O)N3C([H])([H])[C@]([H])(C([H])([H])[H])C([H])([H])[C@@]([H])(C([H])([H])[H])C3([H])[H])c([H])c2[H])c([H])c(C(F)(F)F)c1[H]",0.2000,"Tipranavir"
"ZINC000013004650","[H]c1c([H])c(S(=O)(=O)N2C([H])([H])C([H])([H])N(C(=O)c3c([H])c([H])c(C(F)(F)F)c([H])c3[H])C([H])([H])C2([H])[H])c([H])c(Cl)c1Cl",0.2024,"Tipranavir"
"ZINC000009462086","[H]c1oc(C([H])([H])N(C([H])([H])C(=O)N([H])[C@]([H])(C([H])([H])[H])C([H])([H])C([H])([H])c2c([H])c([H])c([H])c([H])c2[H])S(=O)(=O)c2c([H])c([H])c(Cl)c([H])c2[H])c([H])c1[H]",0.2019,"Darunavir"
"ZINC000009462080","[H]c1oc(C([H])([H])N(C([H])([H])C(=O)N([H])[C@@]([H])(C([H])([H])[H])C([H])([H])C([H])([H])c2c([H])c([H])c([H])c([H])c2[H])S(=O)(=O)c2c([H])c([H])c(Cl)c([H])c2[H])c([H])c1[H]",0.2019,"Darunavir"
"ZINC000013059066","[H]c1c([H])c(C([H])([H])[H])c(N([H])C(=O)C([H])([H])N2C([H])([H])C([H])([H])N(S(=O)(=O)c3c([H])c([H])c(C(F)(F)F)c([H])c3[H])C([H])([H])C2([H])[H])c(C([H])(C([H])([H])[H])C([H])([H])[H])c1[H]",0.2083,"Tipranavir"
"ZINC000009806357","[H]c1c([H])c(C(F)(F)F)c([H])c([H])c1C(=O)N([H])C([H])([H])[C@]1([H])N(S(=O)(=O)c2c(C([H])([H])[H])c([H])c(C([H])([H])[H])c([H])c2C([H])([H])[H])C([H])([H])C([H])([H])C1([H])[H]",0.2211,"Tipranavir"
"ZINC000008734522","[H]c1c([H])c(C(F)(F)F)c([H])c(S(=O)(=O)N2C([H])([H])C([H])([H])N(C(=O)c3c([H])c(Cl)c(Cl)n3[H])C([H])([H])C2([H])[H])c1Cl",0.2045,"Tipranavir"
"ZINC000000676569","[H]c1c([H])c(C([H])([H])C([H])([H])[H])c([H])c(Br)c1OC([H])([H])C(=O)N([H])c1c([H])c([H])c(S(=O)(=O)N(C([H])([H])C([H])([H])[H])C([H])([H])C([H])([H])[H])c([H])c1[H]",0.2000,"Darunavir"
"ZINC000009806361","[H]c1c([H])c(C(F)(F)F)c([H])c([H])c1C(=O)N([H])C([H])([H])[C@@]1([H])N(S(=O)(=O)c2c(C([H])([H])[H])c([H])c(C([H])([H])[H])c([H])c2C([H])([H])[H])C([H])([H])C([H])([H])C1([H])[H]",0.2211,"Tipranavir"
"ZINC000001367848","[H]c1c([H])c([H])c(C([H])(C(=O)N2C([H])([H])C([H])([H])N(S(=O)(=O)c3c([H])c([H])c(C(F)(F)F)c([H])c3[H])C([H])([H])C2([H])[H])c2c([H])c([H])c([H])c([H])c2[H])c([H])c1[H]",0.2099,"Tipranavir"
"ZINC000409142268","[H]c1c([H])c(C(F)(F)F)c([H])c(N([H])C(=O)[C@]([H])(N(c2c([H])c([H])c(OC([H])([H])[H])c([H])c2[H])S(=O)(=O)C([H])([H])[H])C([H])([H])[H])c1Cl",0.2021,"Tipranavir"
"ZINC000409142269","[H]c1c([H])c(C(F)(F)F)c([H])c(N([H])C(=O)[C@@]([H])(N(c2c([H])c([H])c(OC([H])([H])[H])c([H])c2[H])S(=O)(=O)C([H])([H])[H])C([H])([H])[H])c1Cl",0.2021,"Tipranavir"
"ZINC000016576325","[H]c1c([H])c([H])c(C([H])([H])C([H])([H])N(C([H])([H])C(=O)N([H])[C@]([H])(C([H])([H])[H])C([H])([H])C([H])([H])c2c([H])c([H])c([H])c([H])c2[H])S(=O)(=O)c2c([H])c([H])c([H])c([H])c2[H])c([H])c1[H]",0.2174,"Darunavir"
"ZINC000059444185","[H]c1c([H])c([H])c(C([H])([H])N(C([H])([H])C(=O)N([H])c2c([H])c([H])c([H])c([H])c2Cl)S(=O)(=O)c2c([H])c([H])c(OC([H])([H])[H])c(OC([H])([H])[H])c2[H])c([H])c1[H]",0.2000,"Darunavir"
"ZINC000027100741","[H]c1c([H])c(C([H])([H])[H])c([H])c(C([H])([H])N([H])C(=O)[C@]2([H])N(S(=O)(=O)c3c([H])c([H])c(C(F)(F)F)c([H])c3[H])C([H])([H])c3c([H])c([H])c([H])c([H])c3C2([H])[H])c1[H]",0.2041,"Tipranavir"
"ZINC000013585480","[H]c1c([H])c([H])c(C([H])([H])N(c2c([H])c([H])c(OC([H])([H])C(=O)N([H])C([H])([H])[C@]3([H])OC([H])([H])C([H])([H])C3([H])[H])c([H])c2[H])S(=O)(=O)c2c([H])c([H])c(C([H])([H])[H])c([H])c2[H])c([H])c1[H]",0.2000,"Darunavir"
"ZINC000013585478","[H]c1c([H])c([H])c(C([H])([H])N(c2c([H])c([H])c(OC([H])([H])C(=O)N([H])C([H])([H])[C@@]3([H])OC([H])([H])C([H])([H])C3([H])[H])c([H])c2[H])S(=O)(=O)c2c([H])c([H])c(C([H])([H])[H])c([H])c2[H])c([H])c1[H]",0.2000,"Darunavir"
"ZINC000016576323","[H]c1c([H])c([H])c(C([H])([H])C([H])([H])N(C([H])([H])C(=O)N([H])[C@@]([H])(C([H])([H])[H])C([H])([H])C([H])([H])c2c([H])c([H])c([H])c([H])c2[H])S(=O)(=O)c2c([H])c([H])c([H])c([H])c2[H])c([H])c1[H]",0.2174,"Darunavir"
"ZINC000408602673","[H]c1c([H])c([H])c(C([H])(c2c([H])c([H])c([H])c([H])c2[H])N([H])C(=O)C([H])([H])Oc2c([H])c([H])c(S(=O)(=O)N(C([H])([H])C([H])([H])[H])C([H])([H])C([H])([H])[H])c([H])c2[H])c([H])c1[H]",0.2000,"Darunavir"
"ZINC000408602718","[H]c1c([H])c([H])c(C([H])([H])N(C([H])([H])C(=O)N([H])C2([H])C([H])([H])C([H])([H])C([H])([H])C([H])([H])C([H])([H])C([H])([H])C2([H])[H])S(=O)(=O)c2c([H])c([H])c(OC([H])([H])[H])c(C([H])([H])[H])c2[H])c([H])c1[H]",0.2000,"Darunavir"
"ZINC000408603651","[H]c1c([H])c([H])c(C([H])([H])N(C([H])([H])C(=O)N([H])[C@@]([H])(C([H])([H])[H])C([H])([H])C([H])([H])c2c([H])c([H])c([H])c([H])c2[H])S(=O)(=O)c2c([H])c([H])c(OC([H])([H])[H])c(C([H])([H])[H])c2[H])c([H])c1[H]",0.2039,"Darunavir"
"ZINC000408603647","[H]c1c([H])c([H])c(C([H])([H])N(C([H])([H])C(=O)N([H])[C@]([H])(C([H])([H])[H])C([H])([H])C([H])([H])c2c([H])c([H])c([H])c([H])c2[H])S(=O)(=O)c2c([H])c([H])c(OC([H])([H])[H])c(C([H])([H])[H])c2[H])c([H])c1[H]",0.2039,"Darunavir"
"ZINC000408606282","[H]c1c([H])c([H])c(C([H])([H])N(C([H])([H])C(=O)N([H])C2([H])C([H])([H])C([H])([H])C([H])([H])C([H])([H])C([H])([H])C([H])([H])C2([H])[H])S(=O)(=O)c2c([H])c([H])c(OC([H])([H])[H])c(OC([H])([H])[H])c2[H])c([H])c1[H]",0.2039,"Darunavir"
"ZINC000408608265","[H]c1c([H])c([H])c(C([H])([H])C([H])([H])[C@]([H])(N([H])C(=O)C([H])([H])N(C([H])([H])c2c([H])c([H])c(F)c([H])c2[H])S(=O)(=O)c2c([H])c([H])c([H])c([H])c2[H])C([H])([H])[H])c([H])c1[H]",0.2041,"Darunavir"
"ZINC000408608230","[H]c1c([H])c([H])c(C([H])([H])C([H])([H])N(C([H])([H])C(=O)N([H])[C@]([H])(C([H])([H])[H])C([H])([H])C([H])([H])c2c([H])c([H])c([H])c([H])c2[H])S(=O)(=O)c2c([H])c([H])c(OC([H])([H])[H])c([H])c2[H])c([H])c1[H]",0.2020,"Darunavir"
"ZINC000408608261","[H]c1c([H])c([H])c(C([H])([H])C([H])([H])[C@@]([H])(N([H])C(=O)C([H])([H])N(C([H])([H])c2c([H])c([H])c(F)c([H])c2[H])S(=O)(=O)c2c([H])c([H])c([H])c([H])c2[H])C([H])([H])[H])c([H])c1[H]",0.2041,"Darunavir"
"ZINC000408608113","[H]c1c([H])c([H])c(C([H])([H])C([H])([H])[C@@]([H])(N([H])C(=O)C([H])([H])N(C([H])([H])c2c([H])c([H])c([H])c([H])c2F)S(=O)(=O)c2c([H])c([H])c(C([H])([H])[H])c([H])c2[H])C([H])([H])[H])c([H])c1[H]",0.2059,"Darunavir"
"ZINC000408608234","[H]c1c([H])c([H])c(C([H])([H])C([H])([H])N(C([H])([H])C(=O)N([H])[C@@]([H])(C([H])([H])[H])C([H])([H])C([H])([H])c2c([H])c([H])c([H])c([H])c2[H])S(=O)(=O)c2c([H])c([H])c(OC([H])([H])[H])c([H])c2[H])c([H])c1[H]",0.2020,"Darunavir"
"ZINC000408608117","[H]c1c([H])c([H])c(C([H])([H])C([H])([H])[C@]([H])(N([H])C(=O)C([H])([H])N(C([H])([H])c2c([H])c([H])c([H])c([H])c2F)S(=O)(=O)c2c([H])c([H])c(C([H])([H])[H])c([H])c2[H])C([H])([H])[H])c([H])c1[H]",0.2059,"Darunavir"
"ZINC000408609229","[H]c1c([H])c([H])c(C([H])([H])C([H])([H])[C@]([H])(N([H])C(=O)C([H])([H])N(C([H])([H])c2c([H])c([H])c(C([H])([H])[H])c([H])c2[H])S(=O)(=O)c2c([H])c([H])c([H])c([H])c2[H])C([H])([H])[H])c([H])c1[H]",0.2041,"Darunavir"
"ZINC000408609231","[H]c1c([H])c([H])c(C([H])([H])C([H])([H])[C@@]([H])(N([H])C(=O)C([H])([H])N(C([H])([H])c2c([H])c([H])c(C([H])([H])[H])c([H])c2[H])S(=O)(=O)c2c([H])c([H])c([H])c([H])c2[H])C([H])([H])[H])c([H])c1[H]",0.2041,"Darunavir"
"ZINC000408611087","[H]c1c([H])c([H])c(C([H])([H])N(C([H])([H])C(=O)N([H])[C@@]([H])(C([H])([H])[H])C([H])([H])C([H])([H])c2c([H])c([H])c([H])c([H])c2[H])S(=O)(=O)c2c([H])c([H])c(OC([H])([H])[H])c([H])c2[H])c([H])c1[H]",0.2020,"Darunavir"
"ZINC000408611089","[H]c1c([H])c([H])c(C([H])([H])N(C([H])([H])C(=O)N([H])[C@]([H])(C([H])([H])[H])C([H])([H])C([H])([H])c2c([H])c([H])c([H])c([H])c2[H])S(=O)(=O)c2c([H])c([H])c(OC([H])([H])[H])c([H])c2[H])c([H])c1[H]",0.2020,"Darunavir"
"ZINC000408612559","[H]c1c([H])c([H])c(C([H])([H])C([H])([H])N(C([H])([H])C(=O)N([H])[C@@]([H])(C([H])([H])[H])C([H])([H])C([H])([H])c2c([H])c([H])c([H])c([H])c2[H])S(=O)(=O)c2c([H])c([H])c(C([H])([H])[H])c([H])c2[H])c([H])c1[H]",0.2062,"Darunavir"
"ZINC000408612558","[H]c1c([H])c([H])c(C([H])([H])C([H])([H])N(C([H])([H])C(=O)N([H])[C@]([H])(C([H])([H])[H])C([H])([H])C([H])([H])c2c([H])c([H])c([H])c([H])c2[H])S(=O)(=O)c2c([H])c([H])c(C([H])([H])[H])c([H])c2[H])c([H])c1[H]",0.2062,"Darunavir"
"ZINC000408612539","[H]c1c([H])c([H])c(C([H])([H])C([H])([H])N(C([H])([H])C(=O)N([H])[C@]([H])(C([H])([H])[H])C([H])([H])C([H])([H])c2c([H])c([H])c([H])c([H])c2[H])S(=O)(=O)c2c([H])c([H])c(OC([H])([H])[H])c(C([H])([H])[H])c2[H])c([H])c1[H]",0.2039,"Darunavir"
"ZINC000408612540","[H]c1c([H])c([H])c(C([H])([H])C([H])([H])N(C([H])([H])C(=O)N([H])[C@@]([H])(C([H])([H])[H])C([H])([H])C([H])([H])c2c([H])c([H])c([H])c([H])c2[H])S(=O)(=O)c2c([H])c([H])c(OC([H])([H])[H])c(C([H])([H])[H])c2[H])c([H])c1[H]",0.2039,"Darunavir"
"ZINC000408613871","[H]c1c([H])c([H])c(C([H])([H])N(C([H])([H])C(=O)N([H])[C@@]([H])(C([H])([H])[H])C([H])([H])C([H])([H])c2c([H])c([H])c([H])c([H])c2[H])S(=O)(=O)c2c([H])c([H])c(C([H])([H])[H])c([H])c2[H])c([H])c1[H]",0.2062,"Darunavir"
"ZINC000408613870","[H]c1c([H])c([H])c(C([H])([H])N(C([H])([H])C(=O)N([H])[C@]([H])(C([H])([H])[H])C([H])([H])C([H])([H])c2c([H])c([H])c([H])c([H])c2[H])S(=O)(=O)c2c([H])c([H])c(C([H])([H])[H])c([H])c2[H])c([H])c1[H]",0.2062,"Darunavir"
"ZINC000408614016","[H]c1c([H])c([H])c(C([H])([H])N(C([H])([H])C(=O)N([H])[C@@]([H])(C([H])([H])[H])C([H])([H])C([H])([H])c2c([H])c([H])c([H])c([H])c2[H])S(=O)(=O)c2c([H])c([H])c(OC([H])([H])[H])c(OC([H])([H])[H])c2[H])c([H])c1[H]",0.2079,"Darunavir"
"ZINC000408614020","[H]c1c([H])c([H])c(C([H])([H])N(C([H])([H])C(=O)N([H])[C@]([H])(C([H])([H])[H])C([H])([H])C([H])([H])c2c([H])c([H])c([H])c([H])c2[H])S(=O)(=O)c2c([H])c([H])c(OC([H])([H])[H])c(OC([H])([H])[H])c2[H])c([H])c1[H]",0.2079,"Darunavir"
"ZINC000408614163","[H]c1c([H])c([H])c(C([H])([H])N(C([H])([H])C(=O)N([H])[C@]([H])(C([H])([H])[H])C([H])([H])C([H])([H])c2c([H])c([H])c([H])c([H])c2[H])S(=O)(=O)c2c([H])c([H])c(F)c([H])c2[H])c([H])c1[H]",0.2062,"Darunavir"
"ZINC000408614103","[H]c1c([H])c([H])c(C([H])([H])C([H])([H])N(C([H])([H])C(=O)N([H])C2([H])C([H])([H])C([H])([H])C([H])([H])C([H])([H])C([H])([H])C([H])([H])C2([H])[H])S(=O)(=O)c2c([H])c([H])c(OC([H])([H])[H])c(OC([H])([H])[H])c2[H])c([H])c1[H]",0.2019,"Darunavir"
"ZINC000408614162","[H]c1c([H])c([H])c(C([H])([H])N(C([H])([H])C(=O)N([H])[C@@]([H])(C([H])([H])[H])C([H])([H])C([H])([H])c2c([H])c([H])c([H])c([H])c2[H])S(=O)(=O)c2c([H])c([H])c(F)c([H])c2[H])c([H])c1[H]",0.2062,"Darunavir"
"ZINC000408616976","[H]c1c([H])c(S(=O)(=O)N2C([H])([H])C([H])([H])C([H])(C([H])([H])[H])C([H])([H])C2([H])[H])c([H])c([H])c1OC([H])([H])C(=O)N([H])c1c([H])c([H])c(C(F)(F)F)c([H])c1[H]",0.2000,"Tipranavir"
"ZINC000408620140","[H]c1c([H])c([H])c(C([H])([H])N(C([H])([H])C(=O)N([H])[C@]([H])(C([H])([H])[H])C([H])([H])C([H])([H])c2c([H])c([H])c([H])c([H])c2[H])S(=O)(=O)c2c([H])c([H])c(OC([H])([H])C([H])([H])[H])c([H])c2[H])c([H])c1[H]",0.2000,"Darunavir"
"ZINC000408620144","[H]c1c([H])c([H])c(C([H])([H])N(C([H])([H])C(=O)N([H])[C@@]([H])(C([H])([H])[H])C([H])([H])C([H])([H])c2c([H])c([H])c([H])c([H])c2[H])S(=O)(=O)c2c([H])c([H])c(OC([H])([H])C([H])([H])[H])c([H])c2[H])c([H])c1[H]",0.2000,"Darunavir"
"ZINC000003024934","[H]c1c([H])c(S(=O)(=O)N2C([H])([H])[C@]([H])(C([H])([H])[H])C([H])([H])[C@@]([H])(C([H])([H])[H])C2([H])[H])c([H])c(C(=O)N([H])c2c([H])c([H])c(C(F)(F)F)c([H])c2[H])c1F",0.2065,"Tipranavir"
"ZINC000003024936","[H]c1c([H])c(S(=O)(=O)N2C([H])([H])[C@@]([H])(C([H])([H])[H])C([H])([H])[C@]([H])(C([H])([H])[H])C2([H])[H])c([H])c(C(=O)N([H])c2c([H])c([H])c(C(F)(F)F)c([H])c2[H])c1F",0.2065,"Tipranavir"
"ZINC000003024932","[H]c1c([H])c(S(=O)(=O)N2C([H])([H])[C@]([H])(C([H])([H])[H])C([H])([H])[C@]([H])(C([H])([H])[H])C2([H])[H])c([H])c(C(=O)N([H])c2c([H])c([H])c(C(F)(F)F)c([H])c2[H])c1F",0.2065,"Tipranavir"
"ZINC000009478177","[H]c1c([H])c(C(F)(F)F)c([H])c(S(=O)(=O)N2C([H])([H])C([H])([H])C([H])(C(=O)O[C@]([H])(c3c([H])c([H])c(F)c([H])c3[H])C([H])([H])[H])C([H])([H])C2([H])[H])c1[H]",0.2000,"Tipranavir"
"ZINC000009478178","[H]c1c([H])c(C(F)(F)F)c([H])c(S(=O)(=O)N2C([H])([H])C([H])([H])C([H])(C(=O)O[C@@]([H])(c3c([H])c([H])c(F)c([H])c3[H])C([H])([H])[H])C([H])([H])C2([H])[H])c1[H]",0.2000,"Tipranavir"
"ZINC000013064197","[H]c1c([H])c([H])c(C([H])([H])N(C([H])([H])C(=O)N([H])[C@@]([H])(C([H])([H])[H])[C@]23C([H])([H])[C@@]4([H])C([H])([H])[C@]([H])(C([H])([H])[C@]([H])(C4([H])[H])C2([H])[H])C3([H])[H])S(=O)(=O)c2c([H])c([H])c(OC([H])([H])[H])c([H])c2[H])c([H])c1[H]",0.2075,"Darunavir"
"ZINC000013064213","[H]c1c([H])c([H])c(C([H])([H])N(C([H])([H])C(=O)N([H])[C@]([H])(C([H])([H])[H])[C@]23C([H])([H])[C@@]4([H])C([H])([H])[C@]([H])(C([H])([H])[C@]([H])(C4([H])[H])C2([H])[H])C3([H])[H])S(=O)(=O)c2c([H])c([H])c(OC([H])([H])[H])c([H])c2[H])c([H])c1[H]",0.2075,"Darunavir"
"ZINC000009630994","[H]c1c([H])c([H])c(C([H])(c2c([H])c([H])c([H])c([H])c2[H])C([H])([H])C(=O)N([H])c2c([H])c(S(=O)(=O)N(C([H])([H])C([H])([H])[H])C([H])([H])C([H])([H])[H])c([H])c([H])c2OC([H])([H])[H])c([H])c1[H]",0.2000,"Darunavir"
"ZINC000085642150","[H]c1c([H])c(S(=O)(=O)N2C([H])([H])C([H])([H])C([H])(C([H])([H])[H])C([H])([H])C2([H])[H])c([H])c([H])c1-c1noc(-c2c([H])c([H])c(C(F)(F)F)c([H])c2[H])n1",0.2000,"Tipranavir"
"ZINC000409178969","[H]c1c([H])c(C(F)(F)F)c([H])c([H])c1N([H])C(=O)C1([H])C([H])([H])C([H])([H])N(S(=O)(=O)c2c(C([H])([H])[H])c([H])c(C([H])([H])[H])c([H])c2C([H])([H])[H])C([H])([H])C1([H])[H]",0.2088,"Tipranavir"
"ZINC000408561897","[H]c1c([H])c(C(F)(F)F)c([H])c([H])c1N([H])C(=O)[C@@]1([H])C([H])([H])N(S(=O)(=O)c2c(C([H])([H])[H])c([H])c(C([H])([H])[H])c([H])c2C([H])([H])[H])C([H])([H])C([H])([H])C1([H])[H]",0.2000,"Tipranavir"
"ZINC000408561896","[H]c1c([H])c(C(F)(F)F)c([H])c([H])c1N([H])C(=O)[C@]1([H])C([H])([H])N(S(=O)(=O)c2c(C([H])([H])[H])c([H])c(C([H])([H])[H])c([H])c2C([H])([H])[H])C([H])([H])C([H])([H])C1([H])[H]",0.2000,"Tipranavir"
"ZINC000018079442","[H]c1c([H])c([H])c(C([H])(c2c([H])c([H])c([H])c([H])c2[H])N([H])C(=O)C([H])([H])C([H])([H])c2c([H])c([H])c(S(=O)(=O)N(C([H])([H])C([H])([H])[H])C([H])([H])C([H])([H])[H])c([H])c2[H])c([H])c1[H]",0.2021,"Darunavir"
"ZINC000408603901","[H]c1c([H])c([H])c(C([H])([H])C([H])([H])[C@@]([H])(N([H])C(=O)C([H])([H])N(C([H])([H])c2c([H])c([H])c(Cl)c([H])c2[H])S(=O)(=O)c2c([H])c([H])c([H])c([H])c2[H])C([H])([H])[H])c([H])c1[H]",0.2041,"Darunavir"
"ZINC000408604493","[H]c1c([H])c([H])c(C([H])([H])C([H])([H])[C@]([H])(N([H])C(=O)C([H])([H])N(C([H])([H])c2c([H])c([H])c(Cl)c([H])c2[H])S(=O)(=O)c2c([H])c([H])c([H])c([H])c2[H])C([H])([H])[H])c([H])c1[H]",0.2041,"Darunavir"
"ZINC000408607380","[H]c1c([H])c([H])c(C([H])([H])N(C([H])([H])C(=O)N([H])[C@@]([H])(C([H])([H])[H])C([H])([H])C([H])([H])c2c([H])c([H])c([H])c([H])c2[H])S(=O)(=O)c2c([H])c([H])c(Cl)c([H])c2[H])c([H])c1[H]",0.2062,"Darunavir"
"ZINC000408607381","[H]c1c([H])c([H])c(C([H])([H])N(C([H])([H])C(=O)N([H])[C@]([H])(C([H])([H])[H])C([H])([H])C([H])([H])c2c([H])c([H])c([H])c([H])c2[H])S(=O)(=O)c2c([H])c([H])c(Cl)c([H])c2[H])c([H])c1[H]",0.2062,"Darunavir"
"ZINC000408608176","[H]c1c([H])c([H])c(C([H])([H])C([H])([H])[C@@]([H])(N([H])C(=O)C([H])([H])N(C([H])([H])c2c([H])c([H])c(C([H])([H])[H])c([H])c2[H])S(=O)(=O)c2c([H])c([H])c(C([H])([H])[H])c([H])c2[H])C([H])([H])[H])c([H])c1[H]",0.2041,"Darunavir"
"ZINC000408608168","[H]c1c([H])c([H])c(C([H])([H])C([H])([H])[C@]([H])(N([H])C(=O)C([H])([H])N(C([H])([H])c2c([H])c([H])c(C([H])([H])[H])c([H])c2[H])S(=O)(=O)c2c([H])c([H])c(C([H])([H])[H])c([H])c2[H])C([H])([H])[H])c([H])c1[H]",0.2041,"Darunavir"
"ZINC000408610246","[H]c1c([H])c([H])c(C([H])([H])C([H])([H])[C@@]([H])(N([H])C(=O)C([H])([H])N(C([H])([H])c2c([H])c([H])c([H])c([H])c2F)S(=O)(=O)c2c([H])c([H])c(Cl)c([H])c2[H])C([H])([H])[H])c([H])c1[H]",0.2059,"Darunavir"
"ZINC000408610248","[H]c1c([H])c([H])c(C([H])([H])C([H])([H])[C@]([H])(N([H])C(=O)C([H])([H])N(C([H])([H])c2c([H])c([H])c([H])c([H])c2F)S(=O)(=O)c2c([H])c([H])c(Cl)c([H])c2[H])C([H])([H])[H])c([H])c1[H]",0.2059,"Darunavir"
"ZINC000408610988","[H]c1c([H])c([H])c(C([H])([H])C([H])([H])N(C([H])([H])C(=O)N([H])[C@@]([H])(C([H])([H])[H])C([H])([H])C([H])([H])c2c([H])c([H])c([H])c([H])c2[H])S(=O)(=O)c2c([H])c([H])c(Cl)c([H])c2[H])c([H])c1[H]",0.2062,"Darunavir"
"ZINC000408610992","[H]c1c([H])c([H])c(C([H])([H])C([H])([H])N(C([H])([H])C(=O)N([H])[C@]([H])(C([H])([H])[H])C([H])([H])C([H])([H])c2c([H])c([H])c([H])c([H])c2[H])S(=O)(=O)c2c([H])c([H])c(Cl)c([H])c2[H])c([H])c1[H]",0.2062,"Darunavir"
"ZINC000408613787","[H]c1c([H])c([H])c(C([H])([H])N(C([H])([H])C(=O)N([H])[C@@]([H])(C([H])([H])[H])C([H])([H])C([H])([H])c2c([H])c([H])c([H])c([H])c2[H])S(=O)(=O)c2c([H])c([H])c(OC([H])([H])C([H])([H])[H])c(C([H])([H])[H])c2[H])c([H])c1[H]",0.2000,"Darunavir"
"ZINC000408613786","[H]c1c([H])c([H])c(C([H])([H])N(C([H])([H])C(=O)N([H])[C@]([H])(C([H])([H])[H])C([H])([H])C([H])([H])c2c([H])c([H])c([H])c([H])c2[H])S(=O)(=O)c2c([H])c([H])c(OC([H])([H])C([H])([H])[H])c(C([H])([H])[H])c2[H])c([H])c1[H]",0.2000,"Darunavir"
